% MTEX ODF
% crystal symmetry: "m-3m"
% specimen symmetry: "1"
% phi1    Phi     phi2    value
150.00000 2.50000 165.00000 1.35940
150.00000 2.50000 170.00000 1.37476
150.00000 2.50000 175.00000 1.41534
150.00000 2.50000 180.00000 1.48000
150.00000 2.50000 185.00000 1.57489
150.00000 2.50000 190.00000 1.73507
150.00000 2.50000 195.00000 2.04095
150.00000 2.50000 200.00000 2.54638
150.00000 2.50000 205.00000 3.10331
150.00000 2.50000 210.00000 3.35557
150.00000 2.50000 215.00000 3.09728
150.00000 2.50000 220.00000 2.53532
150.00000 2.50000 225.00000 2.02659
150.00000 2.50000 230.00000 1.71944
150.00000 2.50000 235.00000 1.55998
150.00000 2.50000 240.00000 1.46747
150.00000 2.50000 245.00000 1.40639
150.00000 2.50000 250.00000 1.37012
270.00000 2.50000 45.00000 1.38686
270.00000 2.50000 50.00000 1.40277
270.00000 2.50000 55.00000 1.44958
270.00000 2.50000 60.00000 1.52570
270.00000 2.50000 65.00000 1.63632
270.00000 2.50000 70.00000 1.81495
270.00000 2.50000 75.00000 2.13989
270.00000 2.50000 80.00000 2.66256
270.00000 2.50000 85.00000 3.23248
270.00000 2.50000 90.00000 3.49145
270.00000 2.50000 95.00000 3.23248
270.00000 2.50000 100.00000 2.66256
270.00000 2.50000 105.00000 2.13989
270.00000 2.50000 110.00000 1.81495
270.00000 2.50000 115.00000 1.63632
270.00000 2.50000 120.00000 1.52570
270.00000 2.50000 125.00000 1.44958
270.00000 2.50000 130.00000 1.40277
30.00000 2.50000 290.00000 1.37012
30.00000 2.50000 295.00000 1.40639
30.00000 2.50000 300.00000 1.46747
30.00000 2.50000 305.00000 1.55998
30.00000 2.50000 310.00000 1.71944
30.00000 2.50000 315.00000 2.02659
30.00000 2.50000 320.00000 2.53532
30.00000 2.50000 325.00000 3.09728
30.00000 2.50000 330.00000 3.35557
30.00000 2.50000 335.00000 3.10331
30.00000 2.50000 340.00000 2.54638
30.00000 2.50000 345.00000 2.04095
30.00000 2.50000 350.00000 1.73507
30.00000 2.50000 355.00000 1.57489
30.00000 2.50000 0.00000 1.48000
30.00000 2.50000 5.00000 1.41534
30.00000 2.50000 10.00000 1.37476
90.00000 7.50000 225.00000 1.10678
90.00000 7.50000 230.00000 1.11591
90.00000 7.50000 235.00000 1.14285
90.00000 7.50000 240.00000 1.18728
90.00000 7.50000 245.00000 1.25555
90.00000 7.50000 250.00000 1.37922
90.00000 7.50000 255.00000 1.62889
90.00000 7.50000 260.00000 2.05216
90.00000 7.50000 265.00000 2.52360
90.00000 7.50000 270.00000 2.73939
90.00000 7.50000 275.00000 2.52360
90.00000 7.50000 280.00000 2.05216
90.00000 7.50000 285.00000 1.62889
90.00000 7.50000 290.00000 1.37922
90.00000 7.50000 295.00000 1.25555
90.00000 7.50000 300.00000 1.18728
90.00000 7.50000 305.00000 1.14285
90.00000 7.50000 310.00000 1.11591
130.00000 7.50000 185.00000 1.11479
130.00000 7.50000 190.00000 1.12819
130.00000 7.50000 195.00000 1.16062
130.00000 7.50000 200.00000 1.21129
130.00000 7.50000 205.00000 1.28581
130.00000 7.50000 210.00000 1.41428
130.00000 7.50000 215.00000 1.66492
130.00000 7.50000 220.00000 2.08337
130.00000 7.50000 225.00000 2.54599
130.00000 7.50000 230.00000 2.75482
130.00000 7.50000 235.00000 2.53754
130.00000 7.50000 240.00000 2.06722
130.00000 7.50000 245.00000 1.64319
130.00000 7.50000 250.00000 1.39029
130.00000 7.50000 255.00000 1.26291
130.00000 7.50000 260.00000 1.19215
130.00000 7.50000 265.00000 1.14700
130.00000 7.50000 270.00000 1.12115
170.00000 7.50000 145.00000 1.13952
170.00000 7.50000 150.00000 1.15935
170.00000 7.50000 155.00000 1.20264
170.00000 7.50000 160.00000 1.26778
170.00000 7.50000 165.00000 1.35925
170.00000 7.50000 170.00000 1.50609
170.00000 7.50000 175.00000 1.77579
170.00000 7.50000 180.00000 2.21245
170.00000 7.50000 185.00000 2.68760
170.00000 7.50000 190.00000 2.89674
170.00000 7.50000 195.00000 2.66592
170.00000 7.50000 200.00000 2.17406
170.00000 7.50000 205.00000 1.72765
170.00000 7.50000 210.00000 1.45485
170.00000 7.50000 215.00000 1.31084
170.00000 7.50000 220.00000 1.22723
170.00000 7.50000 225.00000 1.17369
170.00000 7.50000 230.00000 1.14434
210.00000 7.50000 110.00000 1.20103
210.00000 7.50000 115.00000 1.25671
210.00000 7.50000 120.00000 1.34033
210.00000 7.50000 125.00000 1.45435
210.00000 7.50000 130.00000 1.62465
210.00000 7.50000 135.00000 1.91451
210.00000 7.50000 140.00000 2.36479
210.00000 7.50000 145.00000 2.84727
210.00000 7.50000 150.00000 3.05987
210.00000 7.50000 155.00000 2.82816
210.00000 7.50000 160.00000 2.32744
210.00000 7.50000 165.00000 1.86301
210.00000 7.50000 170.00000 1.56645
210.00000 7.50000 175.00000 1.39777
210.00000 7.50000 180.00000 1.29236
210.00000 7.50000 185.00000 1.22229
210.00000 7.50000 190.00000 1.18313
250.00000 7.50000 65.00000 1.20492
250.00000 7.50000 70.00000 1.22843
250.00000 7.50000 75.00000 1.28899
250.00000 7.50000 80.00000 1.38359
250.00000 7.50000 85.00000 1.51396
250.00000 7.50000 90.00000 1.70492
250.00000 7.50000 95.00000 2.01828
250.00000 7.50000 100.00000 2.49187
250.00000 7.50000 105.00000 2.99221
250.00000 7.50000 110.00000 3.21247
250.00000 7.50000 115.00000 2.97828
250.00000 7.50000 120.00000 2.46838
250.00000 7.50000 125.00000 1.99023
250.00000 7.50000 130.00000 1.67589
250.00000 7.50000 135.00000 1.48675
250.00000 7.50000 140.00000 1.36076
250.00000 7.50000 145.00000 1.27264
250.00000 7.50000 150.00000 1.21994
290.00000 7.50000 25.00000 1.20492
290.00000 7.50000 30.00000 1.21994
290.00000 7.50000 35.00000 1.27264
290.00000 7.50000 40.00000 1.36076
290.00000 7.50000 45.00000 1.48675
290.00000 7.50000 50.00000 1.67589
290.00000 7.50000 55.00000 1.99023
290.00000 7.50000 60.00000 2.46838
290.00000 7.50000 65.00000 2.97828
290.00000 7.50000 70.00000 3.21247
290.00000 7.50000 75.00000 2.99221
290.00000 7.50000 80.00000 2.49187
290.00000 7.50000 85.00000 2.01828
290.00000 7.50000 90.00000 1.70492
290.00000 7.50000 95.00000 1.51396
290.00000 7.50000 100.00000 1.38359
290.00000 7.50000 105.00000 1.28899
290.00000 7.50000 110.00000 1.22843
330.00000 7.50000 345.00000 1.17596
330.00000 7.50000 350.00000 1.18313
330.00000 7.50000 355.00000 1.22229
330.00000 7.50000 0.00000 1.29236
330.00000 7.50000 5.00000 1.39777
330.00000 7.50000 10.00000 1.56645
330.00000 7.50000 15.00000 1.86301
330.00000 7.50000 20.00000 2.32744
330.00000 7.50000 25.00000 2.82816
330.00000 7.50000 30.00000 3.05987
330.00000 7.50000 35.00000 2.84727
330.00000 7.50000 40.00000 2.36479
330.00000 7.50000 45.00000 1.91451
330.00000 7.50000 50.00000 1.62465
330.00000 7.50000 55.00000 1.45435
330.00000 7.50000 60.00000 1.34033
330.00000 7.50000 65.00000 1.25671
330.00000 7.50000 70.00000 1.20103
10.00000 7.50000 310.00000 1.14434
10.00000 7.50000 315.00000 1.17369
10.00000 7.50000 320.00000 1.22723
10.00000 7.50000 325.00000 1.31084
10.00000 7.50000 330.00000 1.45485
10.00000 7.50000 335.00000 1.72765
10.00000 7.50000 340.00000 2.17406
10.00000 7.50000 345.00000 2.66592
10.00000 7.50000 350.00000 2.89674
10.00000 7.50000 355.00000 2.68760
10.00000 7.50000 0.00000 2.21245
10.00000 7.50000 5.00000 1.77579
10.00000 7.50000 10.00000 1.50609
10.00000 7.50000 15.00000 1.35925
10.00000 7.50000 20.00000 1.26778
10.00000 7.50000 25.00000 1.20264
10.00000 7.50000 30.00000 1.15935
50.00000 7.50000 270.00000 1.12115
50.00000 7.50000 275.00000 1.14700
50.00000 7.50000 280.00000 1.19215
50.00000 7.50000 285.00000 1.26291
50.00000 7.50000 290.00000 1.39029
50.00000 7.50000 295.00000 1.64319
50.00000 7.50000 300.00000 2.06722
50.00000 7.50000 305.00000 2.53754
50.00000 7.50000 310.00000 2.75482
50.00000 7.50000 315.00000 2.54599
50.00000 7.50000 320.00000 2.08337
50.00000 7.50000 325.00000 1.66492
50.00000 7.50000 330.00000 1.41428
50.00000 7.50000 335.00000 1.28581
50.00000 7.50000 340.00000 1.21129
50.00000 7.50000 345.00000 1.16062
50.00000 7.50000 350.00000 1.12819
101.25000 12.50000 213.75000 0.82640
101.25000 12.50000 218.75000 0.83399
101.25000 12.50000 223.75000 0.85510
101.25000 12.50000 228.75000 0.88947
101.25000 12.50000 233.75000 0.94185
101.25000 12.50000 238.75000 1.03636
101.25000 12.50000 243.75000 1.22762
101.25000 12.50000 248.75000 1.55426
101.25000 12.50000 253.75000 1.92241
101.25000 12.50000 258.75000 2.09660
101.25000 12.50000 263.75000 1.93436
101.25000 12.50000 268.75000 1.56724
101.25000 12.50000 273.75000 1.23350
101.25000 12.50000 278.75000 1.03570
101.25000 12.50000 283.75000 0.93854
101.25000 12.50000 288.75000 0.88610
101.25000 12.50000 293.75000 0.85265
101.25000 12.50000 298.75000 0.83272
123.75000 12.50000 191.25000 0.83155
123.75000 12.50000 196.25000 0.84157
123.75000 12.50000 201.25000 0.86576
123.75000 12.50000 206.25000 0.90358
123.75000 12.50000 211.25000 0.95898
123.75000 12.50000 216.25000 1.05318
123.75000 12.50000 221.25000 1.23437
123.75000 12.50000 226.25000 1.53540
123.75000 12.50000 231.25000 1.86991
123.75000 12.50000 236.25000 2.02568
123.75000 12.50000 241.25000 1.87498
123.75000 12.50000 246.25000 1.53633
123.75000 12.50000 251.25000 1.22547
123.75000 12.50000 256.25000 1.03727
123.75000 12.50000 261.25000 0.94173
123.75000 12.50000 266.25000 0.88885
123.75000 12.50000 271.25000 0.85534
123.75000 12.50000 276.25000 0.83621
146.25000 12.50000 168.75000 0.84363
146.25000 12.50000 173.75000 0.85823
146.25000 12.50000 178.75000 0.88893
146.25000 12.50000 183.75000 0.93495
146.25000 12.50000 188.75000 1.00023
146.25000 12.50000 193.75000 1.10663
146.25000 12.50000 198.75000 1.30222
146.25000 12.50000 203.75000 1.61498
146.25000 12.50000 208.75000 1.94873
146.25000 12.50000 213.75000 2.08802
146.25000 12.50000 218.75000 1.91650
146.25000 12.50000 223.75000 1.56525
146.25000 12.50000 228.75000 1.24959
146.25000 12.50000 233.75000 1.05782
146.25000 12.50000 238.75000 0.95767
146.25000 12.50000 243.75000 0.90064
146.25000 12.50000 248.75000 0.86488
146.25000 12.50000 253.75000 0.84587
168.75000 12.50000 146.25000 0.86473
168.75000 12.50000 151.25000 0.88567
168.75000 12.50000 156.25000 0.92635
168.75000 12.50000 161.25000 0.98536
168.75000 12.50000 166.25000 1.06622
168.75000 12.50000 171.25000 1.19194
168.75000 12.50000 176.25000 1.41484
168.75000 12.50000 181.25000 1.76589
168.75000 12.50000 186.25000 2.13843
168.75000 12.50000 191.25000 2.29201
168.75000 12.50000 196.25000 2.09612
168.75000 12.50000 201.25000 1.69756
168.75000 12.50000 206.25000 1.33772
168.75000 12.50000 211.25000 1.11592
168.75000 12.50000 216.25000 0.99713
168.75000 12.50000 221.25000 0.92837
168.75000 12.50000 226.25000 0.88590
168.75000 12.50000 231.25000 0.86473
191.25000 12.50000 123.75000 0.89479
191.25000 12.50000 128.75000 0.92245
191.25000 12.50000 133.75000 0.97534
191.25000 12.50000 138.75000 1.05075
191.25000 12.50000 143.75000 1.14991
191.25000 12.50000 148.75000 1.29224
191.25000 12.50000 153.75000 1.52664
191.25000 12.50000 158.75000 1.88541
191.25000 12.50000 163.75000 2.26872
191.25000 12.50000 168.75000 2.43724
191.25000 12.50000 173.75000 2.24852
191.25000 12.50000 178.75000 1.83858
191.25000 12.50000 183.75000 1.45340
191.25000 12.50000 188.75000 1.20394
191.25000 12.50000 193.75000 1.06176
191.25000 12.50000 198.75000 0.97531
191.25000 12.50000 203.75000 0.92102
191.25000 12.50000 208.75000 0.89417
213.75000 12.50000 101.25000 0.92981
213.75000 12.50000 106.25000 0.96244
213.75000 12.50000 111.25000 1.02724
213.75000 12.50000 116.25000 1.12026
213.75000 12.50000 121.25000 1.24019
213.75000 12.50000 126.25000 1.40127
213.75000 12.50000 131.25000 1.64354
213.75000 12.50000 136.25000 1.99156
213.75000 12.50000 141.25000 2.35170
213.75000 12.50000 146.25000 2.50701
213.75000 12.50000 151.25000 2.32897
213.75000 12.50000 156.25000 1.94008
213.75000 12.50000 161.25000 1.56405
213.75000 12.50000 166.25000 1.30574
213.75000 12.50000 171.25000 1.14470
213.75000 12.50000 176.25000 1.03833
213.75000 12.50000 181.25000 0.96813
213.75000 12.50000 186.25000 0.93164
236.25000 12.50000 78.75000 0.96174
236.25000 12.50000 83.75000 0.99489
236.25000 12.50000 88.75000 1.06727
236.25000 12.50000 93.75000 1.17442
236.25000 12.50000 98.75000 1.31422
236.25000 12.50000 103.75000 1.50015
236.25000 12.50000 108.75000 1.77055
236.25000 12.50000 113.75000 2.14367
236.25000 12.50000 118.75000 2.51507
236.25000 12.50000 123.75000 2.66378
236.25000 12.50000 128.75000 2.47154
236.25000 12.50000 133.75000 2.07192
236.25000 12.50000 138.75000 1.68704
236.25000 12.50000 143.75000 1.41514
236.25000 12.50000 148.75000 1.23497
236.25000 12.50000 153.75000 1.10793
236.25000 12.50000 158.75000 1.01960
236.25000 12.50000 163.75000 0.97010
258.75000 12.50000 56.25000 0.98100
258.75000 12.50000 61.25000 1.00877
258.75000 12.50000 66.25000 1.08063
258.75000 12.50000 71.25000 1.19238
258.75000 12.50000 76.25000 1.34228
258.75000 12.50000 81.25000 1.54561
258.75000 12.50000 86.25000 1.84521
258.75000 12.50000 91.25000 2.26241
258.75000 12.50000 96.25000 2.68221
258.75000 12.50000 101.25000 2.85810
258.75000 12.50000 106.25000 2.65635
258.75000 12.50000 111.25000 2.22383
258.75000 12.50000 116.25000 1.80593
258.75000 12.50000 121.25000 1.50980
258.75000 12.50000 126.25000 1.31072
258.75000 12.50000 131.25000 1.16640
258.75000 12.50000 136.25000 1.06210
258.75000 12.50000 141.25000 0.99915
281.25000 12.50000 38.75000 0.99915
281.25000 12.50000 43.75000 1.06210
281.25000 12.50000 48.75000 1.16640
281.25000 12.50000 53.75000 1.31072
281.25000 12.50000 58.75000 1.50980
281.25000 12.50000 63.75000 1.80593
281.25000 12.50000 68.75000 2.22383
281.25000 12.50000 73.75000 2.65635
281.25000 12.50000 78.75000 2.85810
281.25000 12.50000 83.75000 2.68221
281.25000 12.50000 88.75000 2.26241
281.25000 12.50000 93.75000 1.84521
281.25000 12.50000 98.75000 1.54561
281.25000 12.50000 103.75000 1.34228
281.25000 12.50000 108.75000 1.19238
281.25000 12.50000 113.75000 1.08063
281.25000 12.50000 118.75000 1.00877
303.75000 12.50000 16.25000 0.97010
303.75000 12.50000 21.25000 1.01960
303.75000 12.50000 26.25000 1.10793
303.75000 12.50000 31.25000 1.23497
303.75000 12.50000 36.25000 1.41514
303.75000 12.50000 41.25000 1.68704
303.75000 12.50000 46.25000 2.07192
303.75000 12.50000 51.25000 2.47154
303.75000 12.50000 56.25000 2.66378
303.75000 12.50000 61.25000 2.51507
303.75000 12.50000 66.25000 2.14367
303.75000 12.50000 71.25000 1.77055
303.75000 12.50000 76.25000 1.50015
303.75000 12.50000 81.25000 1.31422
303.75000 12.50000 86.25000 1.17442
303.75000 12.50000 91.25000 1.06727
303.75000 12.50000 96.25000 0.99489
326.25000 12.50000 353.75000 0.93164
326.25000 12.50000 358.75000 0.96813
326.25000 12.50000 3.75000 1.03833
326.25000 12.50000 8.75000 1.14470
326.25000 12.50000 13.75000 1.30574
326.25000 12.50000 18.75000 1.56405
326.25000 12.50000 23.75000 1.94008
326.25000 12.50000 28.75000 2.32897
326.25000 12.50000 33.75000 2.50701
326.25000 12.50000 38.75000 2.35170
326.25000 12.50000 43.75000 1.99156
326.25000 12.50000 48.75000 1.64354
326.25000 12.50000 53.75000 1.40127
326.25000 12.50000 58.75000 1.24019
326.25000 12.50000 63.75000 1.12026
326.25000 12.50000 68.75000 1.02724
326.25000 12.50000 73.75000 0.96244
348.75000 12.50000 326.25000 0.89479
348.75000 12.50000 331.25000 0.89417
348.75000 12.50000 336.25000 0.92102
348.75000 12.50000 341.25000 0.97531
348.75000 12.50000 346.25000 1.06176
348.75000 12.50000 351.25000 1.20394
348.75000 12.50000 356.25000 1.45340
348.75000 12.50000 1.25000 1.83858
348.75000 12.50000 6.25000 2.24852
348.75000 12.50000 11.25000 2.43724
348.75000 12.50000 16.25000 2.26872
348.75000 12.50000 21.25000 1.88541
348.75000 12.50000 26.25000 1.52664
348.75000 12.50000 31.25000 1.29224
348.75000 12.50000 36.25000 1.14991
348.75000 12.50000 41.25000 1.05075
348.75000 12.50000 46.25000 0.97534
348.75000 12.50000 51.25000 0.92245
11.25000 12.50000 308.75000 0.86473
11.25000 12.50000 313.75000 0.88590
11.25000 12.50000 318.75000 0.92837
11.25000 12.50000 323.75000 0.99713
11.25000 12.50000 328.75000 1.11592
11.25000 12.50000 333.75000 1.33772
11.25000 12.50000 338.75000 1.69756
11.25000 12.50000 343.75000 2.09612
11.25000 12.50000 348.75000 2.29201
11.25000 12.50000 353.75000 2.13843
11.25000 12.50000 358.75000 1.76589
11.25000 12.50000 3.75000 1.41484
11.25000 12.50000 8.75000 1.19194
11.25000 12.50000 13.75000 1.06622
11.25000 12.50000 18.75000 0.98536
11.25000 12.50000 23.75000 0.92635
11.25000 12.50000 28.75000 0.88567
33.75000 12.50000 286.25000 0.84587
33.75000 12.50000 291.25000 0.86488
33.75000 12.50000 296.25000 0.90064
33.75000 12.50000 301.25000 0.95767
33.75000 12.50000 306.25000 1.05782
33.75000 12.50000 311.25000 1.24959
33.75000 12.50000 316.25000 1.56525
33.75000 12.50000 321.25000 1.91650
33.75000 12.50000 326.25000 2.08802
33.75000 12.50000 331.25000 1.94873
33.75000 12.50000 336.25000 1.61498
33.75000 12.50000 341.25000 1.30222
33.75000 12.50000 346.25000 1.10663
33.75000 12.50000 351.25000 1.00023
33.75000 12.50000 356.25000 0.93495
33.75000 12.50000 1.25000 0.88893
33.75000 12.50000 6.25000 0.85823
56.25000 12.50000 263.75000 0.83621
56.25000 12.50000 268.75000 0.85534
56.25000 12.50000 273.75000 0.88885
56.25000 12.50000 278.75000 0.94173
56.25000 12.50000 283.75000 1.03727
56.25000 12.50000 288.75000 1.22547
56.25000 12.50000 293.75000 1.53633
56.25000 12.50000 298.75000 1.87498
56.25000 12.50000 303.75000 2.02568
56.25000 12.50000 308.75000 1.86991
56.25000 12.50000 313.75000 1.53540
56.25000 12.50000 318.75000 1.23437
56.25000 12.50000 323.75000 1.05318
56.25000 12.50000 328.75000 0.95898
56.25000 12.50000 333.75000 0.90358
56.25000 12.50000 338.75000 0.86576
56.25000 12.50000 343.75000 0.84157
78.75000 12.50000 241.25000 0.83272
78.75000 12.50000 246.25000 0.85265
78.75000 12.50000 251.25000 0.88610
78.75000 12.50000 256.25000 0.93854
78.75000 12.50000 261.25000 1.03570
78.75000 12.50000 266.25000 1.23350
78.75000 12.50000 271.25000 1.56724
78.75000 12.50000 276.25000 1.93436
78.75000 12.50000 281.25000 2.09660
78.75000 12.50000 286.25000 1.92241
78.75000 12.50000 291.25000 1.55426
78.75000 12.50000 296.25000 1.22762
78.75000 12.50000 301.25000 1.03636
78.75000 12.50000 306.25000 0.94185
78.75000 12.50000 311.25000 0.88947
78.75000 12.50000 316.25000 0.85510
78.75000 12.50000 321.25000 0.83399
90.00000 17.50000 225.00000 0.64678
90.00000 17.50000 230.00000 0.65255
90.00000 17.50000 235.00000 0.66955
90.00000 17.50000 240.00000 0.69767
90.00000 17.50000 245.00000 0.74126
90.00000 17.50000 250.00000 0.82160
90.00000 17.50000 255.00000 0.98600
90.00000 17.50000 260.00000 1.26641
90.00000 17.50000 265.00000 1.57943
90.00000 17.50000 270.00000 1.72281
90.00000 17.50000 275.00000 1.57943
90.00000 17.50000 280.00000 1.26641
90.00000 17.50000 285.00000 0.98600
90.00000 17.50000 290.00000 0.82160
90.00000 17.50000 295.00000 0.74126
90.00000 17.50000 300.00000 0.69767
90.00000 17.50000 305.00000 0.66955
90.00000 17.50000 310.00000 0.65255
106.36364 17.50000 208.63636 0.64737
106.36364 17.50000 213.63636 0.65260
106.36364 17.50000 218.63636 0.66901
106.36364 17.50000 223.63636 0.69625
106.36364 17.50000 228.63636 0.73725
106.36364 17.50000 233.63636 0.80832
106.36364 17.50000 238.63636 0.94861
106.36364 17.50000 243.63636 1.19003
106.36364 17.50000 248.63636 1.47165
106.36364 17.50000 253.63636 1.62061
106.36364 17.50000 258.63636 1.51695
106.36364 17.50000 263.63636 1.24442
106.36364 17.50000 268.63636 0.98386
106.36364 17.50000 273.63636 0.82371
106.36364 17.50000 278.63636 0.74307
106.36364 17.50000 283.63636 0.69911
106.36364 17.50000 288.63636 0.67083
106.36364 17.50000 293.63636 0.65356
122.72727 17.50000 192.27273 0.64971
122.72727 17.50000 197.27273 0.65603
122.72727 17.50000 202.27273 0.67353
122.72727 17.50000 207.27273 0.70182
122.72727 17.50000 212.27273 0.74292
122.72727 17.50000 217.27273 0.80895
122.72727 17.50000 222.27273 0.92841
122.72727 17.50000 227.27273 1.12242
122.72727 17.50000 232.27273 1.34143
122.72727 17.50000 237.27273 1.45409
122.72727 17.50000 242.27273 1.37087
122.72727 17.50000 247.27273 1.15535
122.72727 17.50000 252.27273 0.94544
122.72727 17.50000 257.27273 0.81122
122.72727 17.50000 262.27273 0.73936
122.72727 17.50000 267.27273 0.69796
122.72727 17.50000 272.27273 0.67094
122.72727 17.50000 277.27273 0.65480
139.09091 17.50000 175.90909 0.65550
139.09091 17.50000 180.90909 0.66529
139.09091 17.50000 185.90909 0.68702
139.09091 17.50000 190.90909 0.72049
139.09091 17.50000 195.90909 0.76835
139.09091 17.50000 200.90909 0.84350
139.09091 17.50000 205.90909 0.97242
139.09091 17.50000 210.90909 1.16652
139.09091 17.50000 215.90909 1.36473
139.09091 17.50000 220.90909 1.44234
139.09091 17.50000 225.90909 1.33608
139.09091 17.50000 230.90909 1.12351
139.09091 17.50000 235.90909 0.92938
139.09091 17.50000 240.90909 0.80671
139.09091 17.50000 245.90909 0.73890
139.09091 17.50000 250.90909 0.69838
139.09091 17.50000 255.90909 0.67226
139.09091 17.50000 260.90909 0.65790
155.45455 17.50000 159.54545 0.66702
155.45455 17.50000 164.54545 0.68225
155.45455 17.50000 169.54545 0.71138
155.45455 17.50000 174.54545 0.75434
155.45455 17.50000 179.54545 0.81519
155.45455 17.50000 184.54545 0.91166
155.45455 17.50000 189.54545 1.07820
155.45455 17.50000 194.54545 1.32604
155.45455 17.50000 199.54545 1.56943
155.45455 17.50000 204.54545 1.64769
155.45455 17.50000 209.54545 1.49318
155.45455 17.50000 214.54545 1.21828
155.45455 17.50000 219.54545 0.97932
155.45455 17.50000 224.54545 0.83312
155.45455 17.50000 229.54545 0.75390
155.45455 17.50000 234.54545 0.70775
155.45455 17.50000 239.54545 0.67962
155.45455 17.50000 244.54545 0.66612
171.81818 17.50000 143.18182 0.68591
171.81818 17.50000 148.18182 0.70775
171.81818 17.50000 153.18182 0.74665
171.81818 17.50000 158.18182 0.80192
171.81818 17.50000 163.18182 0.87754
171.81818 17.50000 168.18182 0.99387
171.81818 17.50000 173.18182 1.19398
171.81818 17.50000 178.18182 1.49858
171.81818 17.50000 183.18182 1.81053
171.81818 17.50000 188.18182 1.92675
171.81818 17.50000 193.18182 1.74589
171.81818 17.50000 198.18182 1.39878
171.81818 17.50000 203.18182 1.08811
171.81818 17.50000 208.18182 0.89513
171.81818 17.50000 213.18182 0.79075
171.81818 17.50000 218.18182 0.73145
171.81818 17.50000 223.18182 0.69698
171.81818 17.50000 228.18182 0.68213
188.18182 17.50000 126.81818 0.71242
188.18182 17.50000 131.81818 0.74133
188.18182 17.50000 136.81818 0.79175
188.18182 17.50000 141.81818 0.86139
188.18182 17.50000 146.81818 0.95132
188.18182 17.50000 151.81818 1.07723
188.18182 17.50000 156.81818 1.27858
188.18182 17.50000 161.81818 1.58210
188.18182 17.50000 166.81818 1.90679
188.18182 17.50000 171.81818 2.05308
188.18182 17.50000 176.81818 1.89558
188.18182 17.50000 181.81818 1.54210
188.18182 17.50000 186.81818 1.20179
188.18182 17.50000 191.81818 0.97617
188.18182 17.50000 196.81818 0.84671
188.18182 17.50000 201.81818 0.77046
188.18182 17.50000 206.81818 0.72580
188.18182 17.50000 211.81818 0.70688
204.54545 17.50000 110.45455 0.74498
204.54545 17.50000 115.45455 0.78052
204.54545 17.50000 120.45455 0.84350
204.54545 17.50000 125.45455 0.92980
204.54545 17.50000 130.45455 1.03663
204.54545 17.50000 135.45455 1.17130
204.54545 17.50000 140.45455 1.35966
204.54545 17.50000 145.45455 1.62061
204.54545 17.50000 150.45455 1.89338
204.54545 17.50000 155.45455 2.02167
204.54545 17.50000 160.45455 1.89723
204.54545 17.50000 165.45455 1.59497
204.54545 17.50000 170.45455 1.28431
204.54545 17.50000 175.45455 1.05938
204.54545 17.50000 180.45455 0.91558
204.54545 17.50000 185.45455 0.82275
204.54545 17.50000 190.45455 0.76526
204.54545 17.50000 195.45455 0.73952
220.90909 17.50000 94.09091 0.77988
220.90909 17.50000 99.09091 0.81996
220.90909 17.50000 104.09091 0.89459
220.90909 17.50000 109.09091 0.99848
220.90909 17.50000 114.09091 1.12642
220.90909 17.50000 119.09091 1.28093
220.90909 17.50000 124.09091 1.47787
220.90909 17.50000 129.09091 1.72278
220.90909 17.50000 134.09091 1.95453
220.90909 17.50000 139.09091 2.04515
220.90909 17.50000 144.09091 1.91953
220.90909 17.50000 149.09091 1.64856
220.90909 17.50000 154.09091 1.36789
220.90909 17.50000 159.09091 1.15056
220.90909 17.50000 164.09091 0.99597
220.90909 17.50000 169.09091 0.88598
220.90909 17.50000 174.09091 0.81305
220.90909 17.50000 179.09091 0.77735
237.27273 17.50000 77.72727 0.81149
237.27273 17.50000 82.72727 0.85197
237.27273 17.50000 87.72727 0.93425
237.27273 17.50000 92.72727 1.05268
237.27273 17.50000 97.72727 1.20196
237.27273 17.50000 102.72727 1.38594
237.27273 17.50000 107.72727 1.62206
237.27273 17.50000 112.72727 1.90909
237.27273 17.50000 117.72727 2.16513
237.27273 17.50000 122.72727 2.24575
237.27273 17.50000 127.72727 2.08779
237.27273 17.50000 132.72727 1.78797
237.27273 17.50000 137.72727 1.48995
237.27273 17.50000 142.72727 1.25801
237.27273 17.50000 147.72727 1.08538
237.27273 17.50000 152.72727 0.95545
237.27273 17.50000 157.72727 0.86455
237.27273 17.50000 162.72727 0.81570
253.63636 17.50000 61.36364 0.83367
253.63636 17.50000 66.36364 0.86920
253.63636 17.50000 71.36364 0.95225
253.63636 17.50000 76.36364 1.07749
253.63636 17.50000 81.36364 1.24056
253.63636 17.50000 86.36364 1.44951
253.63636 17.50000 91.36364 1.73119
253.63636 17.50000 96.36364 2.08965
253.63636 17.50000 101.36364 2.42179
253.63636 17.50000 106.36364 2.53738
253.63636 17.50000 111.36364 2.35076
253.63636 17.50000 116.36364 1.98789
253.63636 17.50000 121.36364 1.63412
253.63636 17.50000 126.36364 1.36662
253.63636 17.50000 131.36364 1.17021
253.63636 17.50000 136.36364 1.02034
253.63636 17.50000 141.36364 0.91161
253.63636 17.50000 146.36364 0.84810
270.00000 17.50000 45.00000 0.84166
270.00000 17.50000 50.00000 0.86762
270.00000 17.50000 55.00000 0.94377
270.00000 17.50000 60.00000 1.06537
270.00000 17.50000 65.00000 1.22843
270.00000 17.50000 70.00000 1.44171
270.00000 17.50000 75.00000 1.73648
270.00000 17.50000 80.00000 2.12711
270.00000 17.50000 85.00000 2.51397
270.00000 17.50000 90.00000 2.68335
270.00000 17.50000 95.00000 2.51397
270.00000 17.50000 100.00000 2.12711
270.00000 17.50000 105.00000 1.73648
270.00000 17.50000 110.00000 1.44171
270.00000 17.50000 115.00000 1.22843
270.00000 17.50000 120.00000 1.06537
270.00000 17.50000 125.00000 0.94377
270.00000 17.50000 130.00000 0.86762
286.36364 17.50000 28.63636 0.83367
286.36364 17.50000 33.63636 0.84810
286.36364 17.50000 38.63636 0.91161
286.36364 17.50000 43.63636 1.02034
286.36364 17.50000 48.63636 1.17021
286.36364 17.50000 53.63636 1.36662
286.36364 17.50000 58.63636 1.63412
286.36364 17.50000 63.63636 1.98789
286.36364 17.50000 68.63636 2.35076
286.36364 17.50000 73.63636 2.53738
286.36364 17.50000 78.63636 2.42179
286.36364 17.50000 83.63636 2.08965
286.36364 17.50000 88.63636 1.73119
286.36364 17.50000 93.63636 1.44951
286.36364 17.50000 98.63636 1.24056
286.36364 17.50000 103.63636 1.07749
286.36364 17.50000 108.63636 0.95225
286.36364 17.50000 113.63636 0.86920
302.72727 17.50000 12.27273 0.81149
302.72727 17.50000 17.27273 0.81570
302.72727 17.50000 22.27273 0.86455
302.72727 17.50000 27.27273 0.95545
302.72727 17.50000 32.27273 1.08538
302.72727 17.50000 37.27273 1.25801
302.72727 17.50000 42.27273 1.48995
302.72727 17.50000 47.27273 1.78797
302.72727 17.50000 52.27273 2.08779
302.72727 17.50000 57.27273 2.24575
302.72727 17.50000 62.27273 2.16513
302.72727 17.50000 67.27273 1.90909
302.72727 17.50000 72.27273 1.62206
302.72727 17.50000 77.27273 1.38594
302.72727 17.50000 82.27273 1.20196
302.72727 17.50000 87.27273 1.05268
302.72727 17.50000 92.27273 0.93425
302.72727 17.50000 97.27273 0.85197
319.09091 17.50000 355.90909 0.77988
319.09091 17.50000 0.90909 0.77735
319.09091 17.50000 5.90909 0.81305
319.09091 17.50000 10.90909 0.88598
319.09091 17.50000 15.90909 0.99597
319.09091 17.50000 20.90909 1.15056
319.09091 17.50000 25.90909 1.36789
319.09091 17.50000 30.90909 1.64856
319.09091 17.50000 35.90909 1.91953
319.09091 17.50000 40.90909 2.04515
319.09091 17.50000 45.90909 1.95453
319.09091 17.50000 50.90909 1.72278
319.09091 17.50000 55.90909 1.47787
319.09091 17.50000 60.90909 1.28093
319.09091 17.50000 65.90909 1.12642
319.09091 17.50000 70.90909 0.99848
319.09091 17.50000 75.90909 0.89459
319.09091 17.50000 80.90909 0.81996
335.45455 17.50000 339.54545 0.74498
335.45455 17.50000 344.54545 0.73952
335.45455 17.50000 349.54545 0.76526
335.45455 17.50000 354.54545 0.82275
335.45455 17.50000 359.54545 0.91558
335.45455 17.50000 4.54545 1.05938
335.45455 17.50000 9.54545 1.28431
335.45455 17.50000 14.54545 1.59497
335.45455 17.50000 19.54545 1.89723
335.45455 17.50000 24.54545 2.02167
335.45455 17.50000 29.54545 1.89338
335.45455 17.50000 34.54545 1.62061
335.45455 17.50000 39.54545 1.35966
335.45455 17.50000 44.54545 1.17130
335.45455 17.50000 49.54545 1.03663
335.45455 17.50000 54.54545 0.92980
335.45455 17.50000 59.54545 0.84350
335.45455 17.50000 64.54545 0.78052
351.81818 17.50000 328.18182 0.70688
351.81818 17.50000 333.18182 0.72580
351.81818 17.50000 338.18182 0.77046
351.81818 17.50000 343.18182 0.84671
351.81818 17.50000 348.18182 0.97617
351.81818 17.50000 353.18182 1.20179
351.81818 17.50000 358.18182 1.54210
351.81818 17.50000 3.18182 1.89558
351.81818 17.50000 8.18182 2.05308
351.81818 17.50000 13.18182 1.90679
351.81818 17.50000 18.18182 1.58210
351.81818 17.50000 23.18182 1.27858
351.81818 17.50000 28.18182 1.07723
351.81818 17.50000 33.18182 0.95132
351.81818 17.50000 38.18182 0.86139
351.81818 17.50000 43.18182 0.79175
351.81818 17.50000 48.18182 0.74133
8.18182 17.50000 311.81818 0.68213
8.18182 17.50000 316.81818 0.69698
8.18182 17.50000 321.81818 0.73145
8.18182 17.50000 326.81818 0.79075
8.18182 17.50000 331.81818 0.89513
8.18182 17.50000 336.81818 1.08811
8.18182 17.50000 341.81818 1.39878
8.18182 17.50000 346.81818 1.74589
8.18182 17.50000 351.81818 1.92675
8.18182 17.50000 356.81818 1.81053
8.18182 17.50000 1.81818 1.49858
8.18182 17.50000 6.81818 1.19398
8.18182 17.50000 11.81818 0.99387
8.18182 17.50000 16.81818 0.87754
8.18182 17.50000 21.81818 0.80192
8.18182 17.50000 26.81818 0.74665
8.18182 17.50000 31.81818 0.70775
24.54545 17.50000 295.45455 0.66612
24.54545 17.50000 300.45455 0.67962
24.54545 17.50000 305.45455 0.70775
24.54545 17.50000 310.45455 0.75390
24.54545 17.50000 315.45455 0.83312
24.54545 17.50000 320.45455 0.97932
24.54545 17.50000 325.45455 1.21828
24.54545 17.50000 330.45455 1.49318
24.54545 17.50000 335.45455 1.64769
24.54545 17.50000 340.45455 1.56943
24.54545 17.50000 345.45455 1.32604
24.54545 17.50000 350.45455 1.07820
24.54545 17.50000 355.45455 0.91166
24.54545 17.50000 0.45455 0.81519
24.54545 17.50000 5.45455 0.75434
24.54545 17.50000 10.45455 0.71138
24.54545 17.50000 15.45455 0.68225
40.90909 17.50000 279.09091 0.65790
40.90909 17.50000 284.09091 0.67226
40.90909 17.50000 289.09091 0.69838
40.90909 17.50000 294.09091 0.73890
40.90909 17.50000 299.09091 0.80671
40.90909 17.50000 304.09091 0.92938
40.90909 17.50000 309.09091 1.12351
40.90909 17.50000 314.09091 1.33608
40.90909 17.50000 319.09091 1.44234
40.90909 17.50000 324.09091 1.36473
40.90909 17.50000 329.09091 1.16652
40.90909 17.50000 334.09091 0.97242
40.90909 17.50000 339.09091 0.84350
40.90909 17.50000 344.09091 0.76835
40.90909 17.50000 349.09091 0.72049
40.90909 17.50000 354.09091 0.68702
40.90909 17.50000 359.09091 0.66529
57.27273 17.50000 262.72727 0.65480
57.27273 17.50000 267.72727 0.67094
57.27273 17.50000 272.72727 0.69796
57.27273 17.50000 277.72727 0.73936
57.27273 17.50000 282.72727 0.81122
57.27273 17.50000 287.72727 0.94544
57.27273 17.50000 292.72727 1.15535
57.27273 17.50000 297.72727 1.37087
57.27273 17.50000 302.72727 1.45409
57.27273 17.50000 307.72727 1.34143
57.27273 17.50000 312.72727 1.12242
57.27273 17.50000 317.72727 0.92841
57.27273 17.50000 322.72727 0.80895
57.27273 17.50000 327.72727 0.74292
57.27273 17.50000 332.72727 0.70182
57.27273 17.50000 337.72727 0.67353
57.27273 17.50000 342.72727 0.65603
73.63636 17.50000 246.36364 0.65356
73.63636 17.50000 251.36364 0.67083
73.63636 17.50000 256.36364 0.69911
73.63636 17.50000 261.36364 0.74307
73.63636 17.50000 266.36364 0.82371
73.63636 17.50000 271.36364 0.98386
73.63636 17.50000 276.36364 1.24442
73.63636 17.50000 281.36364 1.51695
73.63636 17.50000 286.36364 1.62061
73.63636 17.50000 291.36364 1.47165
73.63636 17.50000 296.36364 1.19003
73.63636 17.50000 301.36364 0.94861
73.63636 17.50000 306.36364 0.80832
73.63636 17.50000 311.36364 0.73725
73.63636 17.50000 316.36364 0.69625
73.63636 17.50000 321.36364 0.66901
73.63636 17.50000 326.36364 0.65260
96.42857 22.50000 218.57143 0.57803
96.42857 22.50000 223.57143 0.58223
96.42857 22.50000 228.57143 0.59763
96.42857 22.50000 233.57143 0.62394
96.42857 22.50000 238.57143 0.66413
96.42857 22.50000 243.57143 0.73468
96.42857 22.50000 248.57143 0.87533
96.42857 22.50000 253.57143 1.11848
96.42857 22.50000 258.57143 1.40205
96.42857 22.50000 263.57143 1.55101
96.42857 22.50000 268.57143 1.44575
96.42857 22.50000 273.57143 1.17292
96.42857 22.50000 278.57143 0.91430
96.42857 22.50000 283.57143 0.75635
96.42857 22.50000 288.57143 0.67666
96.42857 22.50000 293.57143 0.63251
96.42857 22.50000 298.57143 0.60348
96.42857 22.50000 303.57143 0.58525
109.28571 22.50000 205.71429 0.57736
109.28571 22.50000 210.71429 0.57919
109.28571 22.50000 215.71429 0.59165
109.28571 22.50000 220.71429 0.61437
109.28571 22.50000 225.71429 0.64864
109.28571 22.50000 230.71429 0.70411
109.28571 22.50000 235.71429 0.80687
109.28571 22.50000 240.71429 0.98338
109.28571 22.50000 245.71429 1.20038
109.28571 22.50000 250.71429 1.33611
109.28571 22.50000 255.71429 1.28605
109.28571 22.50000 260.71429 1.09113
109.28571 22.50000 265.71429 0.88552
109.28571 22.50000 270.71429 0.74945
109.28571 22.50000 275.71429 0.67614
109.28571 22.50000 280.71429 0.63379
109.28571 22.50000 285.71429 0.60511
109.28571 22.50000 290.71429 0.58619
122.14286 22.50000 192.85714 0.57656
122.14286 22.50000 197.85714 0.57836
122.14286 22.50000 202.85714 0.59000
122.14286 22.50000 207.85714 0.61127
122.14286 22.50000 212.85714 0.64276
122.14286 22.50000 217.85714 0.68975
122.14286 22.50000 222.85714 0.76638
122.14286 22.50000 227.85714 0.88547
122.14286 22.50000 232.85714 1.02448
122.14286 22.50000 237.85714 1.11019
122.14286 22.50000 242.85714 1.07952
122.14286 22.50000 247.85714 0.95492
122.14286 22.50000 252.85714 0.81765
122.14286 22.50000 257.85714 0.72049
122.14286 22.50000 262.85714 0.66303
122.14286 22.50000 267.85714 0.62689
122.14286 22.50000 272.85714 0.60144
122.14286 22.50000 277.85714 0.58448
135.00000 22.50000 180.00000 0.57714
135.00000 22.50000 185.00000 0.58166
135.00000 22.50000 190.00000 0.59586
135.00000 22.50000 195.00000 0.62000
135.00000 22.50000 200.00000 0.65547
135.00000 22.50000 205.00000 0.70775
135.00000 22.50000 210.00000 0.78691
135.00000 22.50000 215.00000 0.89406
135.00000 22.50000 220.00000 0.99733
135.00000 22.50000 225.00000 1.03818
135.00000 22.50000 230.00000 0.98653
135.00000 22.50000 235.00000 0.87688
135.00000 22.50000 240.00000 0.76946
135.00000 22.50000 245.00000 0.69458
135.00000 22.50000 250.00000 0.64802
135.00000 22.50000 255.00000 0.61715
135.00000 22.50000 260.00000 0.59550
135.00000 22.50000 265.00000 0.58196
147.85714 22.50000 167.14286 0.58127
147.85714 22.50000 172.14286 0.59060
147.85714 22.50000 177.14286 0.61054
147.85714 22.50000 182.14286 0.64218
147.85714 22.50000 187.14286 0.68924
147.85714 22.50000 192.14286 0.76224
147.85714 22.50000 197.14286 0.87644
147.85714 22.50000 202.14286 1.02646
147.85714 22.50000 207.14286 1.15371
147.85714 22.50000 212.14286 1.17500
147.85714 22.50000 217.14286 1.07138
147.85714 22.50000 222.14286 0.91279
147.85714 22.50000 227.14286 0.77847
147.85714 22.50000 232.14286 0.69335
147.85714 22.50000 237.14286 0.64354
147.85714 22.50000 242.14286 0.61236
147.85714 22.50000 247.14286 0.59240
147.85714 22.50000 252.14286 0.58200
160.71429 22.50000 154.28571 0.59068
160.71429 22.50000 159.28571 0.60592
160.71429 22.50000 164.28571 0.63360
160.71429 22.50000 169.28571 0.67542
160.71429 22.50000 174.28571 0.73774
160.71429 22.50000 179.28571 0.83874
160.71429 22.50000 184.28571 1.00686
160.71429 22.50000 189.28571 1.24032
160.71429 22.50000 194.28571 1.44808
160.71429 22.50000 199.28571 1.48922
160.71429 22.50000 204.28571 1.32482
160.71429 22.50000 209.28571 1.06941
160.71429 22.50000 214.28571 0.85670
160.71429 22.50000 219.28571 0.72782
160.71429 22.50000 224.28571 0.65800
160.71429 22.50000 229.28571 0.61864
160.71429 22.50000 234.28571 0.59647
160.71429 22.50000 239.28571 0.58748
173.57143 22.50000 141.42857 0.60618
173.57143 22.50000 146.42857 0.62774
173.57143 22.50000 151.42857 0.66415
173.57143 22.50000 156.42857 0.71649
173.57143 22.50000 161.42857 0.79128
173.57143 22.50000 166.42857 0.91028
173.57143 22.50000 171.42857 1.11342
173.57143 22.50000 176.42857 1.41373
173.57143 22.50000 181.42857 1.71064
173.57143 22.50000 186.42857 1.81065
173.57143 22.50000 191.42857 1.62562
173.57143 22.50000 196.42857 1.28586
173.57143 22.50000 201.42857 0.98337
173.57143 22.50000 206.42857 0.79449
173.57143 22.50000 211.42857 0.69309
173.57143 22.50000 216.42857 0.63847
173.57143 22.50000 221.42857 0.60979
173.57143 22.50000 226.42857 0.59984
186.42857 22.50000 128.57143 0.62792
186.42857 22.50000 133.57143 0.65607
186.42857 22.50000 138.57143 0.70222
186.42857 22.50000 143.57143 0.76543
186.42857 22.50000 148.57143 0.84875
186.42857 22.50000 153.57143 0.96858
186.42857 22.50000 158.57143 1.16194
186.42857 22.50000 163.57143 1.45309
186.42857 22.50000 168.57143 1.76654
186.42857 22.50000 173.57143 1.91396
186.42857 22.50000 178.57143 1.77089
186.42857 22.50000 183.57143 1.43218
186.42857 22.50000 188.57143 1.09732
186.42857 22.50000 193.57143 0.87105
186.42857 22.50000 198.57143 0.74217
186.42857 22.50000 203.57143 0.67043
186.42857 22.50000 208.57143 0.63243
186.42857 22.50000 213.57143 0.61938
199.28571 22.50000 115.71429 0.65541
199.28571 22.50000 120.71429 0.69035
199.28571 22.50000 125.71429 0.74767
199.28571 22.50000 130.71429 0.82400
199.28571 22.50000 135.71429 0.91738
199.28571 22.50000 140.71429 1.03393
199.28571 22.50000 145.71429 1.19515
199.28571 22.50000 150.71429 1.42020
199.28571 22.50000 155.71429 1.66539
199.28571 22.50000 160.71429 1.79828
199.28571 22.50000 165.71429 1.70929
199.28571 22.50000 170.71429 1.44478
199.28571 22.50000 175.71429 1.15401
199.28571 22.50000 180.71429 0.93544
199.28571 22.50000 185.71429 0.79633
199.28571 22.50000 190.71429 0.71132
199.28571 22.50000 195.71429 0.66332
199.28571 22.50000 200.71429 0.64564
212.14286 22.50000 102.85714 0.68708
212.14286 22.50000 107.85714 0.72830
212.14286 22.50000 112.85714 0.79773
212.14286 22.50000 117.85714 0.89010
212.14286 22.50000 122.85714 0.99950
212.14286 22.50000 127.85714 1.12371
212.14286 22.50000 132.85714 1.26895
212.14286 22.50000 137.85714 1.43983
212.14286 22.50000 142.85714 1.60533
212.14286 22.50000 147.85714 1.68488
212.14286 22.50000 152.85714 1.61234
212.14286 22.50000 157.85714 1.41473
212.14286 22.50000 162.85714 1.18569
212.14286 22.50000 167.85714 0.99448
212.14286 22.50000 172.85714 0.85557
212.14286 22.50000 177.85714 0.76014
212.14286 22.50000 182.85714 0.70149
212.14286 22.50000 187.85714 0.67750
225.00000 22.50000 90.00000 0.71996
225.00000 22.50000 95.00000 0.76549
225.00000 22.50000 100.00000 0.84611
225.00000 22.50000 105.00000 0.95556
225.00000 22.50000 110.00000 1.08613
225.00000 22.50000 115.00000 1.23257
225.00000 22.50000 120.00000 1.39414
225.00000 22.50000 125.00000 1.56226
225.00000 22.50000 130.00000 1.69706
225.00000 22.50000 135.00000 1.73415
225.00000 22.50000 140.00000 1.64137
225.00000 22.50000 145.00000 1.45700
225.00000 22.50000 150.00000 1.25183
225.00000 22.50000 155.00000 1.07130
225.00000 22.50000 160.00000 0.92683
225.00000 22.50000 165.00000 0.81810
225.00000 22.50000 170.00000 0.74615
225.00000 22.50000 175.00000 0.71313
237.85714 22.50000 77.14286 0.75003
237.85714 22.50000 82.14286 0.79615
237.85714 22.50000 87.14286 0.88445
237.85714 22.50000 92.14286 1.00852
237.85714 22.50000 97.14286 1.16102
237.85714 22.50000 102.14286 1.33942
237.85714 22.50000 107.14286 1.54644
237.85714 22.50000 112.14286 1.76683
237.85714 22.50000 117.14286 1.93500
237.85714 22.50000 122.14286 1.96274
237.85714 22.50000 127.14286 1.82806
237.85714 22.50000 132.14286 1.60182
237.85714 22.50000 137.14286 1.37055
237.85714 22.50000 142.14286 1.17266
237.85714 22.50000 147.14286 1.01080
237.85714 22.50000 152.14286 0.88361
237.85714 22.50000 157.14286 0.79491
237.85714 22.50000 162.14286 0.74952
250.71429 22.50000 64.28571 0.77305
250.71429 22.50000 69.28571 0.81492
250.71429 22.50000 74.28571 0.90509
250.71429 22.50000 79.28571 1.03752
250.71429 22.50000 84.28571 1.20638
250.71429 22.50000 89.28571 1.41512
250.71429 22.50000 94.28571 1.67855
250.71429 22.50000 99.28571 1.98569
250.71429 22.50000 104.28571 2.24103
250.71429 22.50000 109.28571 2.30087
250.71429 22.50000 114.28571 2.12269
250.71429 22.50000 119.28571 1.81780
250.71429 22.50000 124.28571 1.52144
250.71429 22.50000 129.28571 1.28414
250.71429 22.50000 134.28571 1.09706
250.71429 22.50000 139.28571 0.94928
250.71429 22.50000 144.28571 0.84244
250.71429 22.50000 149.28571 0.78240
263.57143 22.50000 51.42857 0.78552
263.57143 22.50000 56.42857 0.81857
263.57143 22.50000 61.42857 0.90380
263.57143 22.50000 66.42857 1.03573
263.57143 22.50000 71.42857 1.20930
263.57143 22.50000 76.42857 1.43118
263.57143 22.50000 81.42857 1.72674
263.57143 22.50000 86.42857 2.09962
263.57143 22.50000 91.42857 2.44642
263.57143 22.50000 96.42857 2.57382
263.57143 22.50000 101.42857 2.39164
263.57143 22.50000 106.42857 2.02476
263.57143 22.50000 111.42857 1.66114
263.57143 22.50000 116.42857 1.38044
263.57143 22.50000 121.42857 1.16897
263.57143 22.50000 126.42857 1.00378
263.57143 22.50000 131.42857 0.88124
263.57143 22.50000 136.42857 0.80688
276.42857 22.50000 38.57143 0.78552
276.42857 22.50000 43.57143 0.80688
276.42857 22.50000 48.57143 0.88124
276.42857 22.50000 53.57143 1.00378
276.42857 22.50000 58.57143 1.16897
276.42857 22.50000 63.57143 1.38044
276.42857 22.50000 68.57143 1.66114
276.42857 22.50000 73.57143 2.02476
276.42857 22.50000 78.57143 2.39164
276.42857 22.50000 83.57143 2.57382
276.42857 22.50000 88.57143 2.44642
276.42857 22.50000 93.57143 2.09962
276.42857 22.50000 98.57143 1.72674
276.42857 22.50000 103.57143 1.43118
276.42857 22.50000 108.57143 1.20930
276.42857 22.50000 113.57143 1.03573
276.42857 22.50000 118.57143 0.90380
276.42857 22.50000 123.57143 0.81857
289.28571 22.50000 25.71429 0.77305
289.28571 22.50000 30.71429 0.78240
289.28571 22.50000 35.71429 0.84244
289.28571 22.50000 40.71429 0.94928
289.28571 22.50000 45.71429 1.09706
289.28571 22.50000 50.71429 1.28414
289.28571 22.50000 55.71429 1.52144
289.28571 22.50000 60.71429 1.81780
289.28571 22.50000 65.71429 2.12269
289.28571 22.50000 70.71429 2.30087
289.28571 22.50000 75.71429 2.24103
289.28571 22.50000 80.71429 1.98569
289.28571 22.50000 85.71429 1.67855
289.28571 22.50000 90.71429 1.41512
289.28571 22.50000 95.71429 1.20638
289.28571 22.50000 100.71429 1.03752
289.28571 22.50000 105.71429 0.90509
289.28571 22.50000 110.71429 0.81492
302.14286 22.50000 12.85714 0.75003
302.14286 22.50000 17.85714 0.74952
302.14286 22.50000 22.85714 0.79491
302.14286 22.50000 27.85714 0.88361
302.14286 22.50000 32.85714 1.01080
302.14286 22.50000 37.85714 1.17266
302.14286 22.50000 42.85714 1.37055
302.14286 22.50000 47.85714 1.60182
302.14286 22.50000 52.85714 1.82806
302.14286 22.50000 57.85714 1.96274
302.14286 22.50000 62.85714 1.93500
302.14286 22.50000 67.85714 1.76683
302.14286 22.50000 72.85714 1.54644
302.14286 22.50000 77.85714 1.33942
302.14286 22.50000 82.85714 1.16102
302.14286 22.50000 87.85714 1.00852
302.14286 22.50000 92.85714 0.88445
302.14286 22.50000 97.85714 0.79615
315.00000 22.50000 0.00000 0.71996
315.00000 22.50000 5.00000 0.71313
315.00000 22.50000 10.00000 0.74615
315.00000 22.50000 15.00000 0.81810
315.00000 22.50000 20.00000 0.92683
315.00000 22.50000 25.00000 1.07130
315.00000 22.50000 30.00000 1.25183
315.00000 22.50000 35.00000 1.45700
315.00000 22.50000 40.00000 1.64137
315.00000 22.50000 45.00000 1.73415
315.00000 22.50000 50.00000 1.69706
315.00000 22.50000 55.00000 1.56226
315.00000 22.50000 60.00000 1.39414
315.00000 22.50000 65.00000 1.23257
315.00000 22.50000 70.00000 1.08613
315.00000 22.50000 75.00000 0.95556
315.00000 22.50000 80.00000 0.84611
315.00000 22.50000 85.00000 0.76549
327.85714 22.50000 352.14286 0.67750
327.85714 22.50000 357.14286 0.70149
327.85714 22.50000 2.14286 0.76014
327.85714 22.50000 7.14286 0.85557
327.85714 22.50000 12.14286 0.99448
327.85714 22.50000 17.14286 1.18569
327.85714 22.50000 22.14286 1.41473
327.85714 22.50000 27.14286 1.61234
327.85714 22.50000 32.14286 1.68488
327.85714 22.50000 37.14286 1.60533
327.85714 22.50000 42.14286 1.43983
327.85714 22.50000 47.14286 1.26895
327.85714 22.50000 52.14286 1.12371
327.85714 22.50000 57.14286 0.99950
327.85714 22.50000 62.14286 0.89010
327.85714 22.50000 67.14286 0.79773
327.85714 22.50000 72.14286 0.72830
340.71429 22.50000 334.28571 0.65541
340.71429 22.50000 339.28571 0.64564
340.71429 22.50000 344.28571 0.66332
340.71429 22.50000 349.28571 0.71132
340.71429 22.50000 354.28571 0.79633
340.71429 22.50000 359.28571 0.93544
340.71429 22.50000 4.28571 1.15401
340.71429 22.50000 9.28571 1.44478
340.71429 22.50000 14.28571 1.70929
340.71429 22.50000 19.28571 1.79828
340.71429 22.50000 24.28571 1.66539
340.71429 22.50000 29.28571 1.42020
340.71429 22.50000 34.28571 1.19515
340.71429 22.50000 39.28571 1.03393
340.71429 22.50000 44.28571 0.91738
340.71429 22.50000 49.28571 0.82400
340.71429 22.50000 54.28571 0.74767
340.71429 22.50000 59.28571 0.69035
353.57143 22.50000 326.42857 0.61938
353.57143 22.50000 331.42857 0.63243
353.57143 22.50000 336.42857 0.67043
353.57143 22.50000 341.42857 0.74217
353.57143 22.50000 346.42857 0.87105
353.57143 22.50000 351.42857 1.09732
353.57143 22.50000 356.42857 1.43218
353.57143 22.50000 1.42857 1.77089
353.57143 22.50000 6.42857 1.91396
353.57143 22.50000 11.42857 1.76654
353.57143 22.50000 16.42857 1.45309
353.57143 22.50000 21.42857 1.16194
353.57143 22.50000 26.42857 0.96858
353.57143 22.50000 31.42857 0.84875
353.57143 22.50000 36.42857 0.76543
353.57143 22.50000 41.42857 0.70222
353.57143 22.50000 46.42857 0.65607
6.42857 22.50000 313.57143 0.59984
6.42857 22.50000 318.57143 0.60979
6.42857 22.50000 323.57143 0.63847
6.42857 22.50000 328.57143 0.69309
6.42857 22.50000 333.57143 0.79449
6.42857 22.50000 338.57143 0.98337
6.42857 22.50000 343.57143 1.28586
6.42857 22.50000 348.57143 1.62562
6.42857 22.50000 353.57143 1.81065
6.42857 22.50000 358.57143 1.71064
6.42857 22.50000 3.57143 1.41373
6.42857 22.50000 8.57143 1.11342
6.42857 22.50000 13.57143 0.91028
6.42857 22.50000 18.57143 0.79128
6.42857 22.50000 23.57143 0.71649
6.42857 22.50000 28.57143 0.66415
6.42857 22.50000 33.57143 0.62774
19.28571 22.50000 300.71429 0.58748
19.28571 22.50000 305.71429 0.59647
19.28571 22.50000 310.71429 0.61864
19.28571 22.50000 315.71429 0.65800
19.28571 22.50000 320.71429 0.72782
19.28571 22.50000 325.71429 0.85670
19.28571 22.50000 330.71429 1.06941
19.28571 22.50000 335.71429 1.32482
19.28571 22.50000 340.71429 1.48922
19.28571 22.50000 345.71429 1.44808
19.28571 22.50000 350.71429 1.24032
19.28571 22.50000 355.71429 1.00686
19.28571 22.50000 0.71429 0.83874
19.28571 22.50000 5.71429 0.73774
19.28571 22.50000 10.71429 0.67542
19.28571 22.50000 15.71429 0.63360
19.28571 22.50000 20.71429 0.60592
32.14286 22.50000 287.85714 0.58200
32.14286 22.50000 292.85714 0.59240
32.14286 22.50000 297.85714 0.61236
32.14286 22.50000 302.85714 0.64354
32.14286 22.50000 307.85714 0.69335
32.14286 22.50000 312.85714 0.77847
32.14286 22.50000 317.85714 0.91279
32.14286 22.50000 322.85714 1.07138
32.14286 22.50000 327.85714 1.17500
32.14286 22.50000 332.85714 1.15371
32.14286 22.50000 337.85714 1.02646
32.14286 22.50000 342.85714 0.87644
32.14286 22.50000 347.85714 0.76224
32.14286 22.50000 352.85714 0.68924
32.14286 22.50000 357.85714 0.64218
32.14286 22.50000 2.85714 0.61054
32.14286 22.50000 7.85714 0.59060
45.00000 22.50000 275.00000 0.58196
45.00000 22.50000 280.00000 0.59550
45.00000 22.50000 285.00000 0.61715
45.00000 22.50000 290.00000 0.64802
45.00000 22.50000 295.00000 0.69458
45.00000 22.50000 300.00000 0.76946
45.00000 22.50000 305.00000 0.87688
45.00000 22.50000 310.00000 0.98653
45.00000 22.50000 315.00000 1.03818
45.00000 22.50000 320.00000 0.99733
45.00000 22.50000 325.00000 0.89406
45.00000 22.50000 330.00000 0.78691
45.00000 22.50000 335.00000 0.70775
45.00000 22.50000 340.00000 0.65547
45.00000 22.50000 345.00000 0.62000
45.00000 22.50000 350.00000 0.59586
45.00000 22.50000 355.00000 0.58166
57.85714 22.50000 262.14286 0.58448
57.85714 22.50000 267.14286 0.60144
57.85714 22.50000 272.14286 0.62689
57.85714 22.50000 277.14286 0.66303
57.85714 22.50000 282.14286 0.72049
57.85714 22.50000 287.14286 0.81765
57.85714 22.50000 292.14286 0.95492
57.85714 22.50000 297.14286 1.07952
57.85714 22.50000 302.14286 1.11019
57.85714 22.50000 307.14286 1.02448
57.85714 22.50000 312.14286 0.88547
57.85714 22.50000 317.14286 0.76638
57.85714 22.50000 322.14286 0.68975
57.85714 22.50000 327.14286 0.64276
57.85714 22.50000 332.14286 0.61127
57.85714 22.50000 337.14286 0.59000
57.85714 22.50000 342.14286 0.57836
70.71429 22.50000 249.28571 0.58619
70.71429 22.50000 254.28571 0.60511
70.71429 22.50000 259.28571 0.63379
70.71429 22.50000 264.28571 0.67614
70.71429 22.50000 269.28571 0.74945
70.71429 22.50000 274.28571 0.88552
70.71429 22.50000 279.28571 1.09113
70.71429 22.50000 284.28571 1.28605
70.71429 22.50000 289.28571 1.33611
70.71429 22.50000 294.28571 1.20038
70.71429 22.50000 299.28571 0.98338
70.71429 22.50000 304.28571 0.80687
70.71429 22.50000 309.28571 0.70411
70.71429 22.50000 314.28571 0.64864
70.71429 22.50000 319.28571 0.61437
70.71429 22.50000 324.28571 0.59165
70.71429 22.50000 329.28571 0.57919
83.57143 22.50000 236.42857 0.58525
83.57143 22.50000 241.42857 0.60348
83.57143 22.50000 246.42857 0.63251
83.57143 22.50000 251.42857 0.67666
83.57143 22.50000 256.42857 0.75635
83.57143 22.50000 261.42857 0.91430
83.57143 22.50000 266.42857 1.17292
83.57143 22.50000 271.42857 1.44575
83.57143 22.50000 276.42857 1.55101
83.57143 22.50000 281.42857 1.40205
83.57143 22.50000 286.42857 1.11848
83.57143 22.50000 291.42857 0.87533
83.57143 22.50000 296.42857 0.73468
83.57143 22.50000 301.42857 0.66413
83.57143 22.50000 306.42857 0.62394
83.57143 22.50000 311.42857 0.59763
83.57143 22.50000 316.42857 0.58223
90.00000 27.50000 225.00000 0.57059
90.00000 27.50000 230.00000 0.57750
90.00000 27.50000 235.00000 0.59783
90.00000 27.50000 240.00000 0.63105
90.00000 27.50000 245.00000 0.68031
90.00000 27.50000 250.00000 0.76355
90.00000 27.50000 255.00000 0.92196
90.00000 27.50000 260.00000 1.18307
90.00000 27.50000 265.00000 1.47075
90.00000 27.50000 270.00000 1.60196
90.00000 27.50000 275.00000 1.47075
90.00000 27.50000 280.00000 1.18307
90.00000 27.50000 285.00000 0.92196
90.00000 27.50000 290.00000 0.76355
90.00000 27.50000 295.00000 0.68031
90.00000 27.50000 300.00000 0.63105
90.00000 27.50000 305.00000 0.59783
90.00000 27.50000 310.00000 0.57750
100.90909 27.50000 214.09091 0.56973
100.90909 27.50000 219.09091 0.57067
100.90909 27.50000 224.09091 0.58470
100.90909 27.50000 229.09091 0.61133
100.90909 27.50000 234.09091 0.65188
100.90909 27.50000 239.09091 0.71720
100.90909 27.50000 244.09091 0.83751
100.90909 27.50000 249.09091 1.04394
100.90909 27.50000 254.09091 1.29810
100.90909 27.50000 259.09091 1.45771
100.90909 27.50000 264.09091 1.40087
100.90909 27.50000 269.09091 1.17591
100.90909 27.50000 274.09091 0.93869
100.90909 27.50000 279.09091 0.78105
100.90909 27.50000 284.09091 0.69443
100.90909 27.50000 289.09091 0.64258
100.90909 27.50000 294.09091 0.60639
100.90909 27.50000 299.09091 0.58189
111.81818 27.50000 203.18182 0.56707
111.81818 27.50000 208.18182 0.56397
111.81818 27.50000 213.18182 0.57248
111.81818 27.50000 218.18182 0.59229
111.81818 27.50000 223.18182 0.62346
111.81818 27.50000 228.18182 0.67024
111.81818 27.50000 233.18182 0.74742
111.81818 27.50000 238.18182 0.87435
111.81818 27.50000 243.18182 1.03766
111.81818 27.50000 248.18182 1.15975
111.81818 27.50000 253.18182 1.15474
111.81818 27.50000 258.18182 1.02916
111.81818 27.50000 263.18182 0.87320
111.81818 27.50000 268.18182 0.75682
111.81818 27.50000 273.18182 0.68594
111.81818 27.50000 278.18182 0.64004
111.81818 27.50000 283.18182 0.60610
111.81818 27.50000 288.18182 0.58146
122.72727 27.50000 192.27273 0.56296
122.72727 27.50000 197.27273 0.55929
122.72727 27.50000 202.27273 0.56549
122.72727 27.50000 207.27273 0.58159
122.72727 27.50000 212.27273 0.60737
122.72727 27.50000 217.27273 0.64390
122.72727 27.50000 222.27273 0.69594
122.72727 27.50000 227.27273 0.76952
122.72727 27.50000 232.27273 0.85669
122.72727 27.50000 237.27273 0.92187
122.72727 27.50000 242.27273 0.92405
122.72727 27.50000 247.27273 0.86243
122.72727 27.50000 252.27273 0.77822
122.72727 27.50000 257.27273 0.70835
122.72727 27.50000 262.27273 0.65987
122.72727 27.50000 267.27273 0.62463
122.72727 27.50000 272.27273 0.59686
122.72727 27.50000 277.27273 0.57588
133.63636 27.50000 181.36364 0.55907
133.63636 27.50000 186.36364 0.55827
133.63636 27.50000 191.36364 0.56635
133.63636 27.50000 196.36364 0.58405
133.63636 27.50000 201.36364 0.61199
133.63636 27.50000 206.36364 0.65117
133.63636 27.50000 211.36364 0.70238
133.63636 27.50000 216.36364 0.76151
133.63636 27.50000 221.36364 0.81324
133.63636 27.50000 226.36364 0.83501
133.63636 27.50000 231.36364 0.81502
133.63636 27.50000 236.36364 0.76499
133.63636 27.50000 241.36364 0.70927
133.63636 27.50000 246.36364 0.66380
133.63636 27.50000 251.36364 0.63009
133.63636 27.50000 256.36364 0.60398
133.63636 27.50000 261.36364 0.58313
133.63636 27.50000 266.36364 0.56775
144.54545 27.50000 170.45455 0.55785
144.54545 27.50000 175.45455 0.56225
144.54545 27.50000 180.45455 0.57590
144.54545 27.50000 185.45455 0.60089
144.54545 27.50000 190.45455 0.64040
144.54545 27.50000 195.45455 0.69910
144.54545 27.50000 200.45455 0.77921
144.54545 27.50000 205.45455 0.86718
144.54545 27.50000 210.45455 0.92600
144.54545 27.50000 215.45455 0.92005
144.54545 27.50000 220.45455 0.85330
144.54545 27.50000 225.45455 0.76559
144.54545 27.50000 230.45455 0.69224
144.54545 27.50000 235.45455 0.64249
144.54545 27.50000 240.45455 0.60990
144.54545 27.50000 245.45455 0.58723
144.54545 27.50000 250.45455 0.57117
144.54545 27.50000 255.45455 0.56119
155.45455 27.50000 159.54545 0.56114
155.45455 27.50000 164.54545 0.57166
155.45455 27.50000 169.54545 0.59288
155.45455 27.50000 174.54545 0.62865
155.45455 27.50000 179.54545 0.68639
155.45455 27.50000 184.54545 0.77929
155.45455 27.50000 189.54545 0.91923
155.45455 27.50000 194.54545 1.08664
155.45455 27.50000 199.54545 1.20610
155.45455 27.50000 204.54545 1.19555
155.45455 27.50000 209.54545 1.05797
155.45455 27.50000 214.54545 0.88065
155.45455 27.50000 219.54545 0.74107
155.45455 27.50000 224.54545 0.65602
155.45455 27.50000 229.54545 0.60836
155.45455 27.50000 234.54545 0.58108
155.45455 27.50000 239.54545 0.56579
155.45455 27.50000 244.54545 0.55938
166.36364 27.50000 148.63636 0.56938
166.36364 27.50000 153.63636 0.58592
166.36364 27.50000 158.63636 0.61484
166.36364 27.50000 163.63636 0.66084
166.36364 27.50000 168.63636 0.73486
166.36364 27.50000 173.63636 0.85985
166.36364 27.50000 178.63636 1.06496
166.36364 27.50000 183.63636 1.33875
166.36364 27.50000 188.63636 1.57015
166.36364 27.50000 193.63636 1.60292
166.36364 27.50000 198.63636 1.40352
166.36364 27.50000 203.63636 1.10607
166.36364 27.50000 208.63636 0.85942
166.36364 27.50000 213.63636 0.70927
166.36364 27.50000 218.63636 0.62969
166.36364 27.50000 223.63636 0.58871
166.36364 27.50000 228.63636 0.56912
166.36364 27.50000 233.63636 0.56362
177.27273 27.50000 137.72727 0.58243
177.27273 27.50000 142.72727 0.60459
177.27273 27.50000 147.72727 0.64069
177.27273 27.50000 152.72727 0.69414
177.27273 27.50000 157.72727 0.77522
177.27273 27.50000 162.72727 0.90925
177.27273 27.50000 167.72727 1.13716
177.27273 27.50000 172.72727 1.46904
177.27273 27.50000 177.72727 1.79684
177.27273 27.50000 182.72727 1.91457
177.27273 27.50000 187.72727 1.72250
177.27273 27.50000 192.72727 1.35215
177.27273 27.50000 197.72727 1.01059
177.27273 27.50000 202.72727 0.78994
177.27273 27.50000 207.72727 0.67046
177.27273 27.50000 212.72727 0.60950
177.27273 27.50000 217.72727 0.58123
177.27273 27.50000 222.72727 0.57395
188.18182 27.50000 126.81818 0.60037
188.18182 27.50000 131.81818 0.62818
188.18182 27.50000 136.81818 0.67189
188.18182 27.50000 141.81818 0.73194
188.18182 27.50000 146.81818 0.81364
188.18182 27.50000 151.81818 0.93438
188.18182 27.50000 156.81818 1.12904
188.18182 27.50000 161.81818 1.42100
188.18182 27.50000 166.81818 1.74249
188.18182 27.50000 171.81818 1.91296
188.18182 27.50000 176.81818 1.79649
188.18182 27.50000 181.81818 1.46547
188.18182 27.50000 186.81818 1.11468
188.18182 27.50000 191.81818 0.86435
188.18182 27.50000 196.81818 0.71800
188.18182 27.50000 201.81818 0.63906
188.18182 27.50000 206.81818 0.60082
188.18182 27.50000 211.81818 0.59010
199.09091 27.50000 115.90909 0.62339
199.09091 27.50000 120.90909 0.65730
199.09091 27.50000 125.90909 0.71027
199.09091 27.50000 130.90909 0.77958
199.09091 27.50000 135.90909 0.86438
199.09091 27.50000 140.90909 0.97026
199.09091 27.50000 145.90909 1.11469
199.09091 27.50000 150.90909 1.31503
199.09091 27.50000 155.90909 1.54093
199.09091 27.50000 160.90909 1.68292
199.09091 27.50000 165.90909 1.63223
199.09091 27.50000 170.90909 1.40592
199.09091 27.50000 175.90909 1.12975
199.09091 27.50000 180.90909 0.90679
199.09091 27.50000 185.90909 0.76001
199.09091 27.50000 190.90909 0.67224
199.09091 27.50000 195.90909 0.62609
199.09091 27.50000 200.90909 0.61170
210.00000 27.50000 105.00000 0.65087
210.00000 27.50000 110.00000 0.69117
210.00000 27.50000 115.00000 0.75517
210.00000 27.50000 120.00000 0.83781
210.00000 27.50000 125.00000 0.93349
210.00000 27.50000 130.00000 1.03853
210.00000 27.50000 135.00000 1.15466
210.00000 27.50000 140.00000 1.28511
210.00000 27.50000 145.00000 1.41391
210.00000 27.50000 150.00000 1.48837
210.00000 27.50000 155.00000 1.45108
210.00000 27.50000 160.00000 1.30327
210.00000 27.50000 165.00000 1.10885
210.00000 27.50000 170.00000 0.93214
210.00000 27.50000 175.00000 0.79878
210.00000 27.50000 180.00000 0.70858
210.00000 27.50000 185.00000 0.65636
210.00000 27.50000 190.00000 0.63819
220.90909 27.50000 94.09091 0.68099
220.90909 27.50000 99.09091 0.72689
220.90909 27.50000 104.09091 0.80241
220.90909 27.50000 109.09091 0.90118
220.90909 27.50000 114.09091 1.01489
220.90909 27.50000 119.09091 1.13504
220.90909 27.50000 124.09091 1.25440
220.90909 27.50000 129.09091 1.36382
220.90909 27.50000 134.09091 1.44424
220.90909 27.50000 139.09091 1.46632
220.90909 27.50000 144.09091 1.40946
220.90909 27.50000 149.09091 1.28420
220.90909 27.50000 154.09091 1.12743
220.90909 27.50000 159.09091 0.97540
220.90909 27.50000 164.09091 0.84790
220.90909 27.50000 169.09091 0.75254
220.90909 27.50000 174.09091 0.69244
220.90909 27.50000 179.09091 0.66877
231.81818 27.50000 83.18182 0.71088
231.81818 27.50000 88.18182 0.75995
231.81818 27.50000 93.18182 0.84535
231.81818 27.50000 98.18182 0.96024
231.81818 27.50000 103.18182 1.09574
231.81818 27.50000 108.18182 1.24318
231.81818 27.50000 113.18182 1.39355
231.81818 27.50000 118.18182 1.52817
231.81818 27.50000 123.18182 1.61162
231.81818 27.50000 128.18182 1.60937
231.81818 27.50000 133.18182 1.51906
231.81818 27.50000 138.18182 1.37287
231.81818 27.50000 143.18182 1.20910
231.81818 27.50000 148.18182 1.05230
231.81818 27.50000 153.18182 0.91539
231.81818 27.50000 158.18182 0.80720
231.81818 27.50000 163.18182 0.73464
231.81818 27.50000 168.18182 0.70205
242.72727 27.50000 72.27273 0.73719
242.72727 27.50000 77.27273 0.78548
242.72727 27.50000 82.27273 0.87680
242.72727 27.50000 87.27273 1.00454
242.72727 27.50000 92.27273 1.16115
242.72727 27.50000 97.27273 1.34282
242.72727 27.50000 102.27273 1.54728
242.72727 27.50000 107.27273 1.75065
242.72727 27.50000 112.27273 1.88676
242.72727 27.50000 117.27273 1.88613
242.72727 27.50000 122.27273 1.74895
242.72727 27.50000 127.27273 1.54435
242.72727 27.50000 132.27273 1.33793
242.72727 27.50000 137.27273 1.15422
242.72727 27.50000 142.27273 0.99671
242.72727 27.50000 147.27273 0.86973
242.72727 27.50000 152.27273 0.78062
242.72727 27.50000 157.27273 0.73547
253.63636 27.50000 61.36364 0.75676
253.63636 27.50000 66.36364 0.79962
253.63636 27.50000 71.36364 0.89114
253.63636 27.50000 76.36364 1.02530
253.63636 27.50000 81.36364 1.19651
253.63636 27.50000 86.36364 1.40831
253.63636 27.50000 91.36364 1.67316
253.63636 27.50000 96.36364 1.97342
253.63636 27.50000 101.36364 2.20949
253.63636 27.50000 106.36364 2.24785
253.63636 27.50000 111.36364 2.06351
253.63636 27.50000 116.36364 1.77047
253.63636 27.50000 121.36364 1.49047
253.63636 27.50000 126.36364 1.26320
253.63636 27.50000 131.36364 1.07954
253.63636 27.50000 136.36364 0.93226
253.63636 27.50000 141.36364 0.82538
253.63636 27.50000 146.36364 0.76552
264.54545 27.50000 50.45455 0.76717
264.54545 27.50000 55.45455 0.80045
264.54545 27.50000 60.45455 0.88595
264.54545 27.50000 65.45455 1.01817
264.54545 27.50000 70.45455 1.19215
264.54545 27.50000 75.45455 1.41450
264.54545 27.50000 80.45455 1.70969
264.54545 27.50000 85.45455 2.07875
264.54545 27.50000 90.45455 2.41662
264.54545 27.50000 95.45455 2.53425
264.54545 27.50000 100.45455 2.34938
264.54545 27.50000 105.45455 1.98860
264.54545 27.50000 110.45455 1.63365
264.54545 27.50000 115.45455 1.35864
264.54545 27.50000 120.45455 1.14946
264.54545 27.50000 125.45455 0.98489
264.54545 27.50000 130.45455 0.86255
264.54545 27.50000 135.45455 0.78834
275.45455 27.50000 39.54545 0.76717
275.45455 27.50000 44.54545 0.78834
275.45455 27.50000 49.54545 0.86255
275.45455 27.50000 54.54545 0.98489
275.45455 27.50000 59.54545 1.14946
275.45455 27.50000 64.54545 1.35864
275.45455 27.50000 69.54545 1.63365
275.45455 27.50000 74.54545 1.98860
275.45455 27.50000 79.54545 2.34938
275.45455 27.50000 84.54545 2.53425
275.45455 27.50000 89.54545 2.41662
275.45455 27.50000 94.54545 2.07875
275.45455 27.50000 99.54545 1.70969
275.45455 27.50000 104.54545 1.41450
275.45455 27.50000 109.54545 1.19215
275.45455 27.50000 114.54545 1.01817
275.45455 27.50000 119.54545 0.88595
275.45455 27.50000 124.54545 0.80045
286.36364 27.50000 28.63636 0.75676
286.36364 27.50000 33.63636 0.76552
286.36364 27.50000 38.63636 0.82538
286.36364 27.50000 43.63636 0.93226
286.36364 27.50000 48.63636 1.07954
286.36364 27.50000 53.63636 1.26320
286.36364 27.50000 58.63636 1.49047
286.36364 27.50000 63.63636 1.77047
286.36364 27.50000 68.63636 2.06351
286.36364 27.50000 73.63636 2.24785
286.36364 27.50000 78.63636 2.20949
286.36364 27.50000 83.63636 1.97342
286.36364 27.50000 88.63636 1.67316
286.36364 27.50000 93.63636 1.40831
286.36364 27.50000 98.63636 1.19651
286.36364 27.50000 103.63636 1.02530
286.36364 27.50000 108.63636 0.89114
286.36364 27.50000 113.63636 0.79962
297.27273 27.50000 22.72727 0.73547
297.27273 27.50000 27.72727 0.78062
297.27273 27.50000 32.72727 0.86973
297.27273 27.50000 37.72727 0.99671
297.27273 27.50000 42.72727 1.15422
297.27273 27.50000 47.72727 1.33793
297.27273 27.50000 52.72727 1.54435
297.27273 27.50000 57.72727 1.74895
297.27273 27.50000 62.72727 1.88613
297.27273 27.50000 67.72727 1.88676
297.27273 27.50000 72.72727 1.75065
297.27273 27.50000 77.72727 1.54728
297.27273 27.50000 82.72727 1.34282
297.27273 27.50000 87.72727 1.16115
297.27273 27.50000 92.72727 1.00454
297.27273 27.50000 97.72727 0.87680
297.27273 27.50000 102.72727 0.78548
308.18182 27.50000 6.81818 0.71088
308.18182 27.50000 11.81818 0.70205
308.18182 27.50000 16.81818 0.73464
308.18182 27.50000 21.81818 0.80720
308.18182 27.50000 26.81818 0.91539
308.18182 27.50000 31.81818 1.05230
308.18182 27.50000 36.81818 1.20910
308.18182 27.50000 41.81818 1.37287
308.18182 27.50000 46.81818 1.51906
308.18182 27.50000 51.81818 1.60937
308.18182 27.50000 56.81818 1.61162
308.18182 27.50000 61.81818 1.52817
308.18182 27.50000 66.81818 1.39355
308.18182 27.50000 71.81818 1.24318
308.18182 27.50000 76.81818 1.09574
308.18182 27.50000 81.81818 0.96024
308.18182 27.50000 86.81818 0.84535
308.18182 27.50000 91.81818 0.75995
319.09091 27.50000 0.90909 0.66877
319.09091 27.50000 5.90909 0.69244
319.09091 27.50000 10.90909 0.75254
319.09091 27.50000 15.90909 0.84790
319.09091 27.50000 20.90909 0.97540
319.09091 27.50000 25.90909 1.12743
319.09091 27.50000 30.90909 1.28420
319.09091 27.50000 35.90909 1.40946
319.09091 27.50000 40.90909 1.46632
319.09091 27.50000 45.90909 1.44424
319.09091 27.50000 50.90909 1.36382
319.09091 27.50000 55.90909 1.25440
319.09091 27.50000 60.90909 1.13504
319.09091 27.50000 65.90909 1.01489
319.09091 27.50000 70.90909 0.90118
319.09091 27.50000 75.90909 0.80241
319.09091 27.50000 80.90909 0.72689
330.00000 27.50000 345.00000 0.65087
330.00000 27.50000 350.00000 0.63819
330.00000 27.50000 355.00000 0.65636
330.00000 27.50000 0.00000 0.70858
330.00000 27.50000 5.00000 0.79878
330.00000 27.50000 10.00000 0.93214
330.00000 27.50000 15.00000 1.10885
330.00000 27.50000 20.00000 1.30327
330.00000 27.50000 25.00000 1.45108
330.00000 27.50000 30.00000 1.48837
330.00000 27.50000 35.00000 1.41391
330.00000 27.50000 40.00000 1.28511
330.00000 27.50000 45.00000 1.15466
330.00000 27.50000 50.00000 1.03853
330.00000 27.50000 55.00000 0.93349
330.00000 27.50000 60.00000 0.83781
330.00000 27.50000 65.00000 0.75517
330.00000 27.50000 70.00000 0.69117
340.90909 27.50000 334.09091 0.62339
340.90909 27.50000 339.09091 0.61170
340.90909 27.50000 344.09091 0.62609
340.90909 27.50000 349.09091 0.67224
340.90909 27.50000 354.09091 0.76001
340.90909 27.50000 359.09091 0.90679
340.90909 27.50000 4.09091 1.12975
340.90909 27.50000 9.09091 1.40592
340.90909 27.50000 14.09091 1.63223
340.90909 27.50000 19.09091 1.68292
340.90909 27.50000 24.09091 1.54093
340.90909 27.50000 29.09091 1.31503
340.90909 27.50000 34.09091 1.11469
340.90909 27.50000 39.09091 0.97026
340.90909 27.50000 44.09091 0.86438
340.90909 27.50000 49.09091 0.77958
340.90909 27.50000 54.09091 0.71027
340.90909 27.50000 59.09091 0.65730
351.81818 27.50000 323.18182 0.60037
351.81818 27.50000 328.18182 0.59010
351.81818 27.50000 333.18182 0.60082
351.81818 27.50000 338.18182 0.63906
351.81818 27.50000 343.18182 0.71800
351.81818 27.50000 348.18182 0.86435
351.81818 27.50000 353.18182 1.11468
351.81818 27.50000 358.18182 1.46547
351.81818 27.50000 3.18182 1.79649
351.81818 27.50000 8.18182 1.91296
351.81818 27.50000 13.18182 1.74249
351.81818 27.50000 18.18182 1.42100
351.81818 27.50000 23.18182 1.12904
351.81818 27.50000 28.18182 0.93438
351.81818 27.50000 33.18182 0.81364
351.81818 27.50000 38.18182 0.73194
351.81818 27.50000 43.18182 0.67189
351.81818 27.50000 48.18182 0.62818
2.72727 27.50000 317.27273 0.57395
2.72727 27.50000 322.27273 0.58123
2.72727 27.50000 327.27273 0.60950
2.72727 27.50000 332.27273 0.67046
2.72727 27.50000 337.27273 0.78994
2.72727 27.50000 342.27273 1.01059
2.72727 27.50000 347.27273 1.35215
2.72727 27.50000 352.27273 1.72250
2.72727 27.50000 357.27273 1.91457
2.72727 27.50000 2.27273 1.79684
2.72727 27.50000 7.27273 1.46904
2.72727 27.50000 12.27273 1.13716
2.72727 27.50000 17.27273 0.90925
2.72727 27.50000 22.27273 0.77522
2.72727 27.50000 27.27273 0.69414
2.72727 27.50000 32.27273 0.64069
2.72727 27.50000 37.27273 0.60459
13.63636 27.50000 306.36364 0.56362
13.63636 27.50000 311.36364 0.56912
13.63636 27.50000 316.36364 0.58871
13.63636 27.50000 321.36364 0.62969
13.63636 27.50000 326.36364 0.70927
13.63636 27.50000 331.36364 0.85942
13.63636 27.50000 336.36364 1.10607
13.63636 27.50000 341.36364 1.40352
13.63636 27.50000 346.36364 1.60292
13.63636 27.50000 351.36364 1.57015
13.63636 27.50000 356.36364 1.33875
13.63636 27.50000 1.36364 1.06496
13.63636 27.50000 6.36364 0.85985
13.63636 27.50000 11.36364 0.73486
13.63636 27.50000 16.36364 0.66084
13.63636 27.50000 21.36364 0.61484
13.63636 27.50000 26.36364 0.58592
24.54545 27.50000 295.45455 0.55938
24.54545 27.50000 300.45455 0.56579
24.54545 27.50000 305.45455 0.58108
24.54545 27.50000 310.45455 0.60836
24.54545 27.50000 315.45455 0.65602
24.54545 27.50000 320.45455 0.74107
24.54545 27.50000 325.45455 0.88065
24.54545 27.50000 330.45455 1.05797
24.54545 27.50000 335.45455 1.19555
24.54545 27.50000 340.45455 1.20610
24.54545 27.50000 345.45455 1.08664
24.54545 27.50000 350.45455 0.91923
24.54545 27.50000 355.45455 0.77929
24.54545 27.50000 0.45455 0.68639
24.54545 27.50000 5.45455 0.62865
24.54545 27.50000 10.45455 0.59288
24.54545 27.50000 15.45455 0.57166
35.45455 27.50000 284.54545 0.56119
35.45455 27.50000 289.54545 0.57117
35.45455 27.50000 294.54545 0.58723
35.45455 27.50000 299.54545 0.60990
35.45455 27.50000 304.54545 0.64249
35.45455 27.50000 309.54545 0.69224
35.45455 27.50000 314.54545 0.76559
35.45455 27.50000 319.54545 0.85330
35.45455 27.50000 324.54545 0.92005
35.45455 27.50000 329.54545 0.92600
35.45455 27.50000 334.54545 0.86718
35.45455 27.50000 339.54545 0.77921
35.45455 27.50000 344.54545 0.69910
35.45455 27.50000 349.54545 0.64040
35.45455 27.50000 354.54545 0.60089
35.45455 27.50000 359.54545 0.57590
35.45455 27.50000 4.54545 0.56225
46.36364 27.50000 273.63636 0.56775
46.36364 27.50000 278.63636 0.58313
46.36364 27.50000 283.63636 0.60398
46.36364 27.50000 288.63636 0.63009
46.36364 27.50000 293.63636 0.66380
46.36364 27.50000 298.63636 0.70927
46.36364 27.50000 303.63636 0.76499
46.36364 27.50000 308.63636 0.81502
46.36364 27.50000 313.63636 0.83501
46.36364 27.50000 318.63636 0.81324
46.36364 27.50000 323.63636 0.76151
46.36364 27.50000 328.63636 0.70238
46.36364 27.50000 333.63636 0.65117
46.36364 27.50000 338.63636 0.61199
46.36364 27.50000 343.63636 0.58405
46.36364 27.50000 348.63636 0.56635
46.36364 27.50000 353.63636 0.55827
57.27273 27.50000 262.72727 0.57588
57.27273 27.50000 267.72727 0.59686
57.27273 27.50000 272.72727 0.62463
57.27273 27.50000 277.72727 0.65987
57.27273 27.50000 282.72727 0.70835
57.27273 27.50000 287.72727 0.77822
57.27273 27.50000 292.72727 0.86243
57.27273 27.50000 297.72727 0.92405
57.27273 27.50000 302.72727 0.92187
57.27273 27.50000 307.72727 0.85669
57.27273 27.50000 312.72727 0.76952
57.27273 27.50000 317.72727 0.69594
57.27273 27.50000 322.72727 0.64390
57.27273 27.50000 327.72727 0.60737
57.27273 27.50000 332.72727 0.58159
57.27273 27.50000 337.72727 0.56549
57.27273 27.50000 342.72727 0.55929
68.18182 27.50000 251.81818 0.58146
68.18182 27.50000 256.81818 0.60610
68.18182 27.50000 261.81818 0.64004
68.18182 27.50000 266.81818 0.68594
68.18182 27.50000 271.81818 0.75682
68.18182 27.50000 276.81818 0.87320
68.18182 27.50000 281.81818 1.02916
68.18182 27.50000 286.81818 1.15474
68.18182 27.50000 291.81818 1.15975
68.18182 27.50000 296.81818 1.03766
68.18182 27.50000 301.81818 0.87435
68.18182 27.50000 306.81818 0.74742
68.18182 27.50000 311.81818 0.67024
68.18182 27.50000 316.81818 0.62346
68.18182 27.50000 321.81818 0.59229
68.18182 27.50000 326.81818 0.57248
68.18182 27.50000 331.81818 0.56397
79.09091 27.50000 240.90909 0.58189
79.09091 27.50000 245.90909 0.60639
79.09091 27.50000 250.90909 0.64258
79.09091 27.50000 255.90909 0.69443
79.09091 27.50000 260.90909 0.78105
79.09091 27.50000 265.90909 0.93869
79.09091 27.50000 270.90909 1.17591
79.09091 27.50000 275.90909 1.40087
79.09091 27.50000 280.90909 1.45771
79.09091 27.50000 285.90909 1.29810
79.09091 27.50000 290.90909 1.04394
79.09091 27.50000 295.90909 0.83751
79.09091 27.50000 300.90909 0.71720
79.09091 27.50000 305.90909 0.65188
79.09091 27.50000 310.90909 0.61133
79.09091 27.50000 315.90909 0.58470
79.09091 27.50000 320.90909 0.57067
94.61538 32.50000 220.38462 0.58833
94.61538 32.50000 225.38462 0.59267
94.61538 32.50000 230.38462 0.61475
94.61538 32.50000 235.38462 0.65366
94.61538 32.50000 240.38462 0.71069
94.61538 32.50000 245.38462 0.79886
94.61538 32.50000 250.38462 0.95315
94.61538 32.50000 255.38462 1.20447
94.61538 32.50000 260.38462 1.49654
94.61538 32.50000 265.38462 1.66016
94.61538 32.50000 270.38462 1.56970
94.61538 32.50000 275.38462 1.29941
94.61538 32.50000 280.38462 1.02788
94.61538 32.50000 285.38462 0.84828
94.61538 32.50000 290.38462 0.74521
94.61538 32.50000 295.38462 0.67955
94.61538 32.50000 300.38462 0.63278
94.61538 32.50000 305.38462 0.60198
103.84615 32.50000 211.15385 0.58629
103.84615 32.50000 216.15385 0.58195
103.84615 32.50000 221.15385 0.59409
103.84615 32.50000 226.15385 0.62215
103.84615 32.50000 231.15385 0.66598
103.84615 32.50000 236.15385 0.73110
103.84615 32.50000 241.15385 0.83731
103.84615 32.50000 246.15385 1.01060
103.84615 32.50000 251.15385 1.23212
103.84615 32.50000 256.15385 1.39610
103.84615 32.50000 261.15385 1.38762
103.84615 32.50000 266.15385 1.21794
103.84615 32.50000 271.15385 1.00888
103.84615 32.50000 276.15385 0.85242
103.84615 32.50000 281.15385 0.75527
103.84615 32.50000 286.15385 0.69056
103.84615 32.50000 291.15385 0.64203
103.84615 32.50000 296.15385 0.60677
113.07692 32.50000 201.92308 0.58161
113.07692 32.50000 206.92308 0.57192
113.07692 32.50000 211.92308 0.57615
113.07692 32.50000 216.92308 0.59414
113.07692 32.50000 221.92308 0.62526
113.07692 32.50000 226.92308 0.67042
113.07692 32.50000 231.92308 0.73647
113.07692 32.50000 236.92308 0.83558
113.07692 32.50000 241.92308 0.96406
113.07692 32.50000 246.92308 1.07469
113.07692 32.50000 251.92308 1.10044
113.07692 32.50000 256.92308 1.02731
113.07692 32.50000 261.92308 0.91069
113.07692 32.50000 266.92308 0.80865
113.07692 32.50000 271.92308 0.73596
113.07692 32.50000 276.92308 0.68208
113.07692 32.50000 281.92308 0.63854
113.07692 32.50000 286.92308 0.60440
122.30769 32.50000 192.69231 0.57433
122.30769 32.50000 197.69231 0.56377
122.30769 32.50000 202.69231 0.56428
122.30769 32.50000 207.69231 0.57616
122.30769 32.50000 212.69231 0.59887
122.30769 32.50000 217.69231 0.63151
122.30769 32.50000 222.69231 0.67440
122.30769 32.50000 227.69231 0.72950
122.30769 32.50000 232.69231 0.79432
122.30769 32.50000 237.69231 0.85123
122.30769 32.50000 242.69231 0.87263
122.30769 32.50000 247.69231 0.84791
122.30769 32.50000 252.69231 0.79578
122.30769 32.50000 257.69231 0.74180
122.30769 32.50000 262.69231 0.69621
122.30769 32.50000 267.69231 0.65736
122.30769 32.50000 272.69231 0.62322
122.30769 32.50000 277.69231 0.59479
131.53846 32.50000 183.46154 0.56621
131.53846 32.50000 188.46154 0.55878
131.53846 32.50000 193.46154 0.56043
131.53846 32.50000 198.46154 0.57215
131.53846 32.50000 203.46154 0.59394
131.53846 32.50000 208.46154 0.62449
131.53846 32.50000 213.46154 0.66091
131.53846 32.50000 218.46154 0.69863
131.53846 32.50000 223.46154 0.73133
131.53846 32.50000 228.46154 0.75142
131.53846 32.50000 233.46154 0.75282
131.53846 32.50000 238.46154 0.73587
131.53846 32.50000 243.46154 0.70837
131.53846 32.50000 248.46154 0.67901
131.53846 32.50000 253.46154 0.65139
131.53846 32.50000 258.46154 0.62552
131.53846 32.50000 263.46154 0.60159
131.53846 32.50000 268.46154 0.58112
140.76923 32.50000 174.23077 0.56009
140.76923 32.50000 179.23077 0.55844
140.76923 32.50000 184.23077 0.56548
140.76923 32.50000 189.23077 0.58360
140.76923 32.50000 194.23077 0.61459
140.76923 32.50000 199.23077 0.65823
140.76923 32.50000 204.23077 0.70957
140.76923 32.50000 209.23077 0.75572
140.76923 32.50000 214.23077 0.77915
140.76923 32.50000 219.23077 0.77066
140.76923 32.50000 224.23077 0.73819
140.76923 32.50000 229.23077 0.69852
140.76923 32.50000 234.23077 0.66358
140.76923 32.50000 239.23077 0.63630
140.76923 32.50000 244.23077 0.61472
140.76923 32.50000 249.23077 0.59649
140.76923 32.50000 254.23077 0.58077
140.76923 32.50000 259.23077 0.56816
150.00000 32.50000 165.00000 0.55816
150.00000 32.50000 170.00000 0.56335
150.00000 32.50000 175.00000 0.57840
150.00000 32.50000 180.00000 0.60812
150.00000 32.50000 185.00000 0.65834
150.00000 32.50000 190.00000 0.73399
150.00000 32.50000 195.00000 0.83140
150.00000 32.50000 200.00000 0.92511
150.00000 32.50000 205.00000 0.96983
150.00000 32.50000 210.00000 0.93674
150.00000 32.50000 215.00000 0.84614
150.00000 32.50000 220.00000 0.74675
150.00000 32.50000 225.00000 0.67118
150.00000 32.50000 230.00000 0.62349
150.00000 32.50000 235.00000 0.59493
150.00000 32.50000 240.00000 0.57729
150.00000 32.50000 245.00000 0.56606
150.00000 32.50000 250.00000 0.55962
159.23077 32.50000 155.76923 0.56067
159.23077 32.50000 160.76923 0.57244
159.23077 32.50000 165.76923 0.59582
159.23077 32.50000 170.76923 0.63824
159.23077 32.50000 175.76923 0.71160
159.23077 32.50000 180.76923 0.83163
159.23077 32.50000 185.76923 1.00541
159.23077 32.50000 190.76923 1.19817
159.23077 32.50000 195.76923 1.31808
159.23077 32.50000 200.76923 1.28263
159.23077 32.50000 205.76923 1.11082
159.23077 32.50000 210.76923 0.90450
159.23077 32.50000 215.76923 0.74515
159.23077 32.50000 220.76923 0.64884
159.23077 32.50000 225.76923 0.59727
159.23077 32.50000 230.76923 0.57133
159.23077 32.50000 235.76923 0.55964
159.23077 32.50000 240.76923 0.55671
168.46154 32.50000 146.53846 0.56653
168.46154 32.50000 151.53846 0.58378
168.46154 32.50000 156.53846 0.61384
168.46154 32.50000 161.53846 0.66519
168.46154 32.50000 166.53846 0.75426
168.46154 32.50000 171.53846 0.90854
168.46154 32.50000 176.53846 1.15517
168.46154 32.50000 181.53846 1.46893
168.46154 32.50000 186.53846 1.71852
168.46154 32.50000 191.53846 1.73839
168.46154 32.50000 196.53846 1.50486
168.46154 32.50000 201.53846 1.16849
168.46154 32.50000 206.53846 0.88846
168.46154 32.50000 211.53846 0.71502
168.46154 32.50000 216.53846 0.62334
168.46154 32.50000 221.53846 0.57928
168.46154 32.50000 226.53846 0.56145
168.46154 32.50000 231.53846 0.55884
177.69231 32.50000 137.30769 0.57485
177.69231 32.50000 142.30769 0.59647
177.69231 32.50000 147.30769 0.63134
177.69231 32.50000 152.30769 0.68621
177.69231 32.50000 157.30769 0.77675
177.69231 32.50000 162.30769 0.93355
177.69231 32.50000 167.30769 1.19832
177.69231 32.50000 172.30769 1.57300
177.69231 32.50000 177.30769 1.93367
177.69231 32.50000 182.30769 2.06004
177.69231 32.50000 187.30769 1.84941
177.69231 32.50000 192.30769 1.44231
177.69231 32.50000 197.30769 1.05996
177.69231 32.50000 202.30769 0.80643
177.69231 32.50000 207.30769 0.66744
177.69231 32.50000 212.30769 0.59904
177.69231 32.50000 217.30769 0.57047
177.69231 32.50000 222.30769 0.56517
186.92308 32.50000 128.07692 0.58598
186.92308 32.50000 133.07692 0.61148
186.92308 32.50000 138.07692 0.65075
186.92308 32.50000 143.07692 0.70680
186.92308 32.50000 148.07692 0.78958
186.92308 32.50000 153.07692 0.92171
186.92308 32.50000 158.07692 1.14075
186.92308 32.50000 163.07692 1.46781
186.92308 32.50000 168.07692 1.82763
186.92308 32.50000 173.07692 2.02693
186.92308 32.50000 178.07692 1.91559
186.92308 32.50000 183.07692 1.56155
186.92308 32.50000 188.07692 1.17154
186.92308 32.50000 193.07692 0.88422
186.92308 32.50000 198.07692 0.71408
186.92308 32.50000 203.07692 0.62493
186.92308 32.50000 208.07692 0.58499
186.92308 32.50000 213.07692 0.57545
196.15385 32.50000 118.84615 0.60093
196.15385 32.50000 123.84615 0.63070
196.15385 32.50000 128.84615 0.67572
196.15385 32.50000 133.84615 0.73506
196.15385 32.50000 138.84615 0.81157
196.15385 32.50000 143.84615 0.91557
196.15385 32.50000 148.84615 1.06822
196.15385 32.50000 153.84615 1.28858
196.15385 32.50000 158.84615 1.54590
196.15385 32.50000 163.84615 1.72397
196.15385 32.50000 168.84615 1.69750
196.15385 32.50000 173.84615 1.46877
196.15385 32.50000 178.84615 1.16733
196.15385 32.50000 183.84615 0.91425
196.15385 32.50000 188.84615 0.74663
196.15385 32.50000 193.84615 0.65001
196.15385 32.50000 198.84615 0.60279
196.15385 32.50000 203.84615 0.58966
205.38462 32.50000 109.61538 0.62027
205.38462 32.50000 114.61538 0.65517
205.38462 32.50000 119.61538 0.70810
205.38462 32.50000 124.61538 0.77521
205.38462 32.50000 129.61538 0.85358
205.38462 32.50000 134.61538 0.94324
205.38462 32.50000 139.61538 1.04961
205.38462 32.50000 144.61538 1.17986
205.38462 32.50000 149.61538 1.32269
205.38462 32.50000 154.61538 1.42582
205.38462 32.50000 159.61538 1.42024
205.38462 32.50000 164.61538 1.28984
205.38462 32.50000 169.61538 1.09332
205.38462 32.50000 174.61538 0.90537
205.38462 32.50000 179.61538 0.76363
205.38462 32.50000 184.61538 0.67192
205.38462 32.50000 189.61538 0.62268
205.38462 32.50000 194.61538 0.60770
214.61538 32.50000 100.38462 0.64346
214.61538 32.50000 105.38462 0.68403
214.61538 32.50000 110.38462 0.74666
214.61538 32.50000 115.38462 0.82574
214.61538 32.50000 120.38462 0.91458
214.61538 32.50000 125.38462 1.00659
214.61538 32.50000 130.38462 1.09692
214.61538 32.50000 135.38462 1.18202
214.61538 32.50000 140.38462 1.25366
214.61538 32.50000 145.38462 1.29097
214.61538 32.50000 150.38462 1.26717
214.61538 32.50000 155.38462 1.17494
214.61538 32.50000 160.38462 1.03941
214.61538 32.50000 165.38462 0.89897
214.61538 32.50000 170.38462 0.78067
214.61538 32.50000 175.38462 0.69558
214.61538 32.50000 180.38462 0.64574
214.61538 32.50000 185.38462 0.62943
223.84615 32.50000 91.15385 0.66890
223.84615 32.50000 96.15385 0.71460
223.84615 32.50000 101.15385 0.78742
223.84615 32.50000 106.15385 0.88087
223.84615 32.50000 111.15385 0.98623
223.84615 32.50000 116.15385 1.09348
223.84615 32.50000 121.15385 1.19201
223.84615 32.50000 126.15385 1.27017
223.84615 32.50000 131.15385 1.31512
223.84615 32.50000 136.15385 1.31532
223.84615 32.50000 141.15385 1.26558
223.84615 32.50000 146.15385 1.17182
223.84615 32.50000 151.15385 1.05129
223.84615 32.50000 156.15385 0.92589
223.84615 32.50000 161.15385 0.81414
223.84615 32.50000 166.15385 0.72812
223.84615 32.50000 171.15385 0.67419
223.84615 32.50000 176.15385 0.65463
233.07692 32.50000 81.92308 0.69433
233.07692 32.50000 86.92308 0.74313
233.07692 32.50000 91.92308 0.82489
233.07692 32.50000 96.92308 0.93282
233.07692 32.50000 101.92308 1.05784
233.07692 32.50000 106.92308 1.18972
233.07692 32.50000 111.92308 1.31596
233.07692 32.50000 116.92308 1.41701
233.07692 32.50000 121.92308 1.46741
233.07692 32.50000 126.92308 1.45080
233.07692 32.50000 131.92308 1.37343
233.07692 32.50000 136.92308 1.25706
233.07692 32.50000 141.92308 1.12356
233.07692 32.50000 146.92308 0.98959
233.07692 32.50000 151.92308 0.86877
233.07692 32.50000 156.92308 0.77251
233.07692 32.50000 161.92308 0.70892
233.07692 32.50000 166.92308 0.68246
242.30769 32.50000 72.69231 0.71726
242.30769 32.50000 77.69231 0.76588
242.30769 32.50000 82.69231 0.85347
242.30769 32.50000 87.69231 0.97354
242.30769 32.50000 92.69231 1.11843
242.30769 32.50000 97.69231 1.28207
242.30769 32.50000 102.69231 1.45606
242.30769 32.50000 107.69231 1.61309
242.30769 32.50000 112.69231 1.70122
242.30769 32.50000 117.69231 1.68024
242.30769 32.50000 122.69231 1.56351
242.30769 32.50000 127.69231 1.40155
242.30769 32.50000 132.69231 1.23434
242.30769 32.50000 137.69231 1.07764
242.30769 32.50000 142.69231 0.93868
242.30769 32.50000 147.69231 0.82602
242.30769 32.50000 152.69231 0.74825
242.30769 32.50000 157.69231 0.71117
251.53846 32.50000 63.46154 0.73540
251.53846 32.50000 68.46154 0.77990
251.53846 32.50000 73.46154 0.86875
251.53846 32.50000 78.46154 0.99610
251.53846 32.50000 83.46154 1.15673
251.53846 32.50000 88.46154 1.35248
251.53846 32.50000 93.46154 1.58801
251.53846 32.50000 98.46154 1.83582
251.53846 32.50000 103.46154 2.00615
251.53846 32.50000 108.46154 2.00441
251.53846 32.50000 113.46154 1.83501
251.53846 32.50000 118.46154 1.59481
251.53846 32.50000 123.46154 1.36742
251.53846 32.50000 128.46154 1.17525
251.53846 32.50000 133.46154 1.01357
251.53846 32.50000 138.46154 0.88243
251.53846 32.50000 143.46154 0.78848
251.53846 32.50000 148.46154 0.73831
260.76923 32.50000 54.23077 0.74699
260.76923 32.50000 59.23077 0.78361
260.76923 32.50000 64.23077 0.86848
260.76923 32.50000 69.23077 0.99634
260.76923 32.50000 74.23077 1.16325
260.76923 32.50000 79.23077 1.37704
260.76923 32.50000 84.23077 1.65881
260.76923 32.50000 89.23077 1.99740
260.76923 32.50000 94.23077 2.28112
260.76923 32.50000 99.23077 2.34513
260.76923 32.50000 104.23077 2.14671
260.76923 32.50000 109.23077 1.81797
260.76923 32.50000 114.23077 1.50930
260.76923 32.50000 119.23077 1.26960
260.76923 32.50000 124.23077 1.08284
260.76923 32.50000 129.23077 0.93430
260.76923 32.50000 134.23077 0.82499
260.76923 32.50000 139.23077 0.76110
270.00000 32.50000 45.00000 0.75098
270.00000 32.50000 50.00000 0.77692
270.00000 32.50000 55.00000 0.85302
270.00000 32.50000 60.00000 0.97438
270.00000 32.50000 65.00000 1.13622
270.00000 32.50000 70.00000 1.34459
270.00000 32.50000 75.00000 1.62538
270.00000 32.50000 80.00000 1.98941
270.00000 32.50000 85.00000 2.34559
270.00000 32.50000 90.00000 2.50080
270.00000 32.50000 95.00000 2.34559
270.00000 32.50000 100.00000 1.98941
270.00000 32.50000 105.00000 1.62538
270.00000 32.50000 110.00000 1.34459
270.00000 32.50000 115.00000 1.13622
270.00000 32.50000 120.00000 0.97438
270.00000 32.50000 125.00000 0.85302
270.00000 32.50000 130.00000 0.77692
279.23077 32.50000 35.76923 0.74699
279.23077 32.50000 40.76923 0.76110
279.23077 32.50000 45.76923 0.82499
279.23077 32.50000 50.76923 0.93430
279.23077 32.50000 55.76923 1.08284
279.23077 32.50000 60.76923 1.26960
279.23077 32.50000 65.76923 1.50930
279.23077 32.50000 70.76923 1.81797
279.23077 32.50000 75.76923 2.14671
279.23077 32.50000 80.76923 2.34513
279.23077 32.50000 85.76923 2.28112
279.23077 32.50000 90.76923 1.99740
279.23077 32.50000 95.76923 1.65881
279.23077 32.50000 100.76923 1.37704
279.23077 32.50000 105.76923 1.16325
279.23077 32.50000 110.76923 0.99634
279.23077 32.50000 115.76923 0.86848
279.23077 32.50000 120.76923 0.78361
288.46154 32.50000 26.53846 0.73540
288.46154 32.50000 31.53846 0.73831
288.46154 32.50000 36.53846 0.78848
288.46154 32.50000 41.53846 0.88243
288.46154 32.50000 46.53846 1.01357
288.46154 32.50000 51.53846 1.17525
288.46154 32.50000 56.53846 1.36742
288.46154 32.50000 61.53846 1.59481
288.46154 32.50000 66.53846 1.83501
288.46154 32.50000 71.53846 2.00441
288.46154 32.50000 76.53846 2.00615
288.46154 32.50000 81.53846 1.83582
288.46154 32.50000 86.53846 1.58801
288.46154 32.50000 91.53846 1.35248
288.46154 32.50000 96.53846 1.15673
288.46154 32.50000 101.53846 0.99610
288.46154 32.50000 106.53846 0.86875
288.46154 32.50000 111.53846 0.77990
297.69231 32.50000 17.30769 0.71726
297.69231 32.50000 22.30769 0.71117
297.69231 32.50000 27.30769 0.74825
297.69231 32.50000 32.30769 0.82602
297.69231 32.50000 37.30769 0.93868
297.69231 32.50000 42.30769 1.07764
297.69231 32.50000 47.30769 1.23434
297.69231 32.50000 52.30769 1.40155
297.69231 32.50000 57.30769 1.56351
297.69231 32.50000 62.30769 1.68024
297.69231 32.50000 67.30769 1.70122
297.69231 32.50000 72.30769 1.61309
297.69231 32.50000 77.30769 1.45606
297.69231 32.50000 82.30769 1.28207
297.69231 32.50000 87.30769 1.11843
297.69231 32.50000 92.30769 0.97354
297.69231 32.50000 97.30769 0.85347
297.69231 32.50000 102.30769 0.76588
306.92308 32.50000 8.07692 0.69433
306.92308 32.50000 13.07692 0.68246
306.92308 32.50000 18.07692 0.70892
306.92308 32.50000 23.07692 0.77251
306.92308 32.50000 28.07692 0.86877
306.92308 32.50000 33.07692 0.98959
306.92308 32.50000 38.07692 1.12356
306.92308 32.50000 43.07692 1.25706
306.92308 32.50000 48.07692 1.37343
306.92308 32.50000 53.07692 1.45080
306.92308 32.50000 58.07692 1.46741
306.92308 32.50000 63.07692 1.41701
306.92308 32.50000 68.07692 1.31596
306.92308 32.50000 73.07692 1.18972
306.92308 32.50000 78.07692 1.05784
306.92308 32.50000 83.07692 0.93282
306.92308 32.50000 88.07692 0.82489
306.92308 32.50000 93.07692 0.74313
316.15385 32.50000 358.84615 0.66890
316.15385 32.50000 3.84615 0.65463
316.15385 32.50000 8.84615 0.67419
316.15385 32.50000 13.84615 0.72812
316.15385 32.50000 18.84615 0.81414
316.15385 32.50000 23.84615 0.92589
316.15385 32.50000 28.84615 1.05129
316.15385 32.50000 33.84615 1.17182
316.15385 32.50000 38.84615 1.26558
316.15385 32.50000 43.84615 1.31532
316.15385 32.50000 48.84615 1.31512
316.15385 32.50000 53.84615 1.27017
316.15385 32.50000 58.84615 1.19201
316.15385 32.50000 63.84615 1.09348
316.15385 32.50000 68.84615 0.98623
316.15385 32.50000 73.84615 0.88087
316.15385 32.50000 78.84615 0.78742
316.15385 32.50000 83.84615 0.71460
325.38462 32.50000 349.61538 0.64346
325.38462 32.50000 354.61538 0.62943
325.38462 32.50000 359.61538 0.64574
325.38462 32.50000 4.61538 0.69558
325.38462 32.50000 9.61538 0.78067
325.38462 32.50000 14.61538 0.89897
325.38462 32.50000 19.61538 1.03941
325.38462 32.50000 24.61538 1.17494
325.38462 32.50000 29.61538 1.26717
325.38462 32.50000 34.61538 1.29097
325.38462 32.50000 39.61538 1.25366
325.38462 32.50000 44.61538 1.18202
325.38462 32.50000 49.61538 1.09692
325.38462 32.50000 54.61538 1.00659
325.38462 32.50000 59.61538 0.91458
325.38462 32.50000 64.61538 0.82574
325.38462 32.50000 69.61538 0.74666
325.38462 32.50000 74.61538 0.68403
334.61538 32.50000 340.38462 0.62027
334.61538 32.50000 345.38462 0.60770
334.61538 32.50000 350.38462 0.62268
334.61538 32.50000 355.38462 0.67192
334.61538 32.50000 0.38462 0.76363
334.61538 32.50000 5.38462 0.90537
334.61538 32.50000 10.38462 1.09332
334.61538 32.50000 15.38462 1.28984
334.61538 32.50000 20.38462 1.42024
334.61538 32.50000 25.38462 1.42582
334.61538 32.50000 30.38462 1.32269
334.61538 32.50000 35.38462 1.17986
334.61538 32.50000 40.38462 1.04961
334.61538 32.50000 45.38462 0.94324
334.61538 32.50000 50.38462 0.85358
334.61538 32.50000 55.38462 0.77521
334.61538 32.50000 60.38462 0.70810
334.61538 32.50000 65.38462 0.65517
343.84615 32.50000 331.15385 0.60093
343.84615 32.50000 336.15385 0.58966
343.84615 32.50000 341.15385 0.60279
343.84615 32.50000 346.15385 0.65001
343.84615 32.50000 351.15385 0.74663
343.84615 32.50000 356.15385 0.91425
343.84615 32.50000 1.15385 1.16733
343.84615 32.50000 6.15385 1.46877
343.84615 32.50000 11.15385 1.69750
343.84615 32.50000 16.15385 1.72397
343.84615 32.50000 21.15385 1.54590
343.84615 32.50000 26.15385 1.28858
343.84615 32.50000 31.15385 1.06822
343.84615 32.50000 36.15385 0.91557
343.84615 32.50000 41.15385 0.81157
343.84615 32.50000 46.15385 0.73506
343.84615 32.50000 51.15385 0.67572
343.84615 32.50000 56.15385 0.63070
353.07692 32.50000 321.92308 0.58598
353.07692 32.50000 326.92308 0.57545
353.07692 32.50000 331.92308 0.58499
353.07692 32.50000 336.92308 0.62493
353.07692 32.50000 341.92308 0.71408
353.07692 32.50000 346.92308 0.88422
353.07692 32.50000 351.92308 1.17154
353.07692 32.50000 356.92308 1.56155
353.07692 32.50000 1.92308 1.91559
353.07692 32.50000 6.92308 2.02693
353.07692 32.50000 11.92308 1.82763
353.07692 32.50000 16.92308 1.46781
353.07692 32.50000 21.92308 1.14075
353.07692 32.50000 26.92308 0.92171
353.07692 32.50000 31.92308 0.78958
353.07692 32.50000 36.92308 0.70680
353.07692 32.50000 41.92308 0.65075
353.07692 32.50000 46.92308 0.61148
2.30769 32.50000 312.69231 0.57485
2.30769 32.50000 317.69231 0.56517
2.30769 32.50000 322.69231 0.57047
2.30769 32.50000 327.69231 0.59904
2.30769 32.50000 332.69231 0.66744
2.30769 32.50000 337.69231 0.80643
2.30769 32.50000 342.69231 1.05996
2.30769 32.50000 347.69231 1.44231
2.30769 32.50000 352.69231 1.84941
2.30769 32.50000 357.69231 2.06004
2.30769 32.50000 2.69231 1.93367
2.30769 32.50000 7.69231 1.57300
2.30769 32.50000 12.69231 1.19832
2.30769 32.50000 17.69231 0.93355
2.30769 32.50000 22.69231 0.77675
2.30769 32.50000 27.69231 0.68621
2.30769 32.50000 32.69231 0.63134
2.30769 32.50000 37.69231 0.59647
11.53846 32.50000 303.46154 0.56653
11.53846 32.50000 308.46154 0.55884
11.53846 32.50000 313.46154 0.56145
11.53846 32.50000 318.46154 0.57928
11.53846 32.50000 323.46154 0.62334
11.53846 32.50000 328.46154 0.71502
11.53846 32.50000 333.46154 0.88846
11.53846 32.50000 338.46154 1.16849
11.53846 32.50000 343.46154 1.50486
11.53846 32.50000 348.46154 1.73839
11.53846 32.50000 353.46154 1.71852
11.53846 32.50000 358.46154 1.46893
11.53846 32.50000 3.46154 1.15517
11.53846 32.50000 8.46154 0.90854
11.53846 32.50000 13.46154 0.75426
11.53846 32.50000 18.46154 0.66519
11.53846 32.50000 23.46154 0.61384
11.53846 32.50000 28.46154 0.58378
20.76923 32.50000 294.23077 0.56067
20.76923 32.50000 299.23077 0.55671
20.76923 32.50000 304.23077 0.55964
20.76923 32.50000 309.23077 0.57133
20.76923 32.50000 314.23077 0.59727
20.76923 32.50000 319.23077 0.64884
20.76923 32.50000 324.23077 0.74515
20.76923 32.50000 329.23077 0.90450
20.76923 32.50000 334.23077 1.11082
20.76923 32.50000 339.23077 1.28263
20.76923 32.50000 344.23077 1.31808
20.76923 32.50000 349.23077 1.19817
20.76923 32.50000 354.23077 1.00541
20.76923 32.50000 359.23077 0.83163
20.76923 32.50000 4.23077 0.71160
20.76923 32.50000 9.23077 0.63824
20.76923 32.50000 14.23077 0.59582
20.76923 32.50000 19.23077 0.57244
30.00000 32.50000 285.00000 0.55816
30.00000 32.50000 290.00000 0.55962
30.00000 32.50000 295.00000 0.56606
30.00000 32.50000 300.00000 0.57729
30.00000 32.50000 305.00000 0.59493
30.00000 32.50000 310.00000 0.62349
30.00000 32.50000 315.00000 0.67118
30.00000 32.50000 320.00000 0.74675
30.00000 32.50000 325.00000 0.84614
30.00000 32.50000 330.00000 0.93674
30.00000 32.50000 335.00000 0.96983
30.00000 32.50000 340.00000 0.92511
30.00000 32.50000 345.00000 0.83140
30.00000 32.50000 350.00000 0.73399
30.00000 32.50000 355.00000 0.65834
30.00000 32.50000 0.00000 0.60812
30.00000 32.50000 5.00000 0.57840
30.00000 32.50000 10.00000 0.56335
39.23077 32.50000 275.76923 0.56009
39.23077 32.50000 280.76923 0.56816
39.23077 32.50000 285.76923 0.58077
39.23077 32.50000 290.76923 0.59649
39.23077 32.50000 295.76923 0.61472
39.23077 32.50000 300.76923 0.63630
39.23077 32.50000 305.76923 0.66358
39.23077 32.50000 310.76923 0.69852
39.23077 32.50000 315.76923 0.73819
39.23077 32.50000 320.76923 0.77066
39.23077 32.50000 325.76923 0.77915
39.23077 32.50000 330.76923 0.75572
39.23077 32.50000 335.76923 0.70957
39.23077 32.50000 340.76923 0.65823
39.23077 32.50000 345.76923 0.61459
39.23077 32.50000 350.76923 0.58360
39.23077 32.50000 355.76923 0.56548
39.23077 32.50000 0.76923 0.55844
48.46154 32.50000 266.53846 0.56621
48.46154 32.50000 271.53846 0.58112
48.46154 32.50000 276.53846 0.60159
48.46154 32.50000 281.53846 0.62552
48.46154 32.50000 286.53846 0.65139
48.46154 32.50000 291.53846 0.67901
48.46154 32.50000 296.53846 0.70837
48.46154 32.50000 301.53846 0.73587
48.46154 32.50000 306.53846 0.75282
48.46154 32.50000 311.53846 0.75142
48.46154 32.50000 316.53846 0.73133
48.46154 32.50000 321.53846 0.69863
48.46154 32.50000 326.53846 0.66091
48.46154 32.50000 331.53846 0.62449
48.46154 32.50000 336.53846 0.59394
48.46154 32.50000 341.53846 0.57215
48.46154 32.50000 346.53846 0.56043
48.46154 32.50000 351.53846 0.55878
57.69231 32.50000 257.30769 0.57433
57.69231 32.50000 262.30769 0.59479
57.69231 32.50000 267.30769 0.62322
57.69231 32.50000 272.30769 0.65736
57.69231 32.50000 277.30769 0.69621
57.69231 32.50000 282.30769 0.74180
57.69231 32.50000 287.30769 0.79578
57.69231 32.50000 292.30769 0.84791
57.69231 32.50000 297.30769 0.87263
57.69231 32.50000 302.30769 0.85123
57.69231 32.50000 307.30769 0.79432
57.69231 32.50000 312.30769 0.72950
57.69231 32.50000 317.30769 0.67440
57.69231 32.50000 322.30769 0.63151
57.69231 32.50000 327.30769 0.59887
57.69231 32.50000 332.30769 0.57616
57.69231 32.50000 337.30769 0.56428
57.69231 32.50000 342.30769 0.56377
66.92308 32.50000 248.07692 0.58161
66.92308 32.50000 253.07692 0.60440
66.92308 32.50000 258.07692 0.63854
66.92308 32.50000 263.07692 0.68208
66.92308 32.50000 268.07692 0.73596
66.92308 32.50000 273.07692 0.80865
66.92308 32.50000 278.07692 0.91069
66.92308 32.50000 283.07692 1.02731
66.92308 32.50000 288.07692 1.10044
66.92308 32.50000 293.07692 1.07469
66.92308 32.50000 298.07692 0.96406
66.92308 32.50000 303.07692 0.83558
66.92308 32.50000 308.07692 0.73647
66.92308 32.50000 313.07692 0.67042
66.92308 32.50000 318.07692 0.62526
66.92308 32.50000 323.07692 0.59414
66.92308 32.50000 328.07692 0.57615
66.92308 32.50000 333.07692 0.57192
76.15385 32.50000 238.84615 0.58629
76.15385 32.50000 243.84615 0.60677
76.15385 32.50000 248.84615 0.64203
76.15385 32.50000 253.84615 0.69056
76.15385 32.50000 258.84615 0.75527
76.15385 32.50000 263.84615 0.85242
76.15385 32.50000 268.84615 1.00888
76.15385 32.50000 273.84615 1.21794
76.15385 32.50000 278.84615 1.38762
76.15385 32.50000 283.84615 1.39610
76.15385 32.50000 288.84615 1.23212
76.15385 32.50000 293.84615 1.01060
76.15385 32.50000 298.84615 0.83731
76.15385 32.50000 303.84615 0.73110
76.15385 32.50000 308.84615 0.66598
76.15385 32.50000 313.84615 0.62215
76.15385 32.50000 318.84615 0.59409
76.15385 32.50000 323.84615 0.58195
85.38462 32.50000 229.61538 0.58833
85.38462 32.50000 234.61538 0.60198
85.38462 32.50000 239.61538 0.63278
85.38462 32.50000 244.61538 0.67955
85.38462 32.50000 249.61538 0.74521
85.38462 32.50000 254.61538 0.84828
85.38462 32.50000 259.61538 1.02788
85.38462 32.50000 264.61538 1.29941
85.38462 32.50000 269.61538 1.56970
85.38462 32.50000 274.61538 1.66016
85.38462 32.50000 279.61538 1.49654
85.38462 32.50000 284.61538 1.20447
85.38462 32.50000 289.61538 0.95315
85.38462 32.50000 294.61538 0.79886
85.38462 32.50000 299.61538 0.71069
85.38462 32.50000 304.61538 0.65366
85.38462 32.50000 309.61538 0.61475
85.38462 32.50000 314.61538 0.59267
90.00000 37.50000 225.00000 0.61813
90.00000 37.50000 230.00000 0.63034
90.00000 37.50000 235.00000 0.66618
90.00000 37.50000 240.00000 0.72392
90.00000 37.50000 245.00000 0.80446
90.00000 37.50000 250.00000 0.92237
90.00000 37.50000 255.00000 1.11440
90.00000 37.50000 260.00000 1.40334
90.00000 37.50000 265.00000 1.70915
90.00000 37.50000 270.00000 1.84661
90.00000 37.50000 275.00000 1.70915
90.00000 37.50000 280.00000 1.40334
90.00000 37.50000 285.00000 1.11440
90.00000 37.50000 290.00000 0.92237
90.00000 37.50000 295.00000 0.80446
90.00000 37.50000 300.00000 0.72392
90.00000 37.50000 305.00000 0.66618
90.00000 37.50000 310.00000 0.63034
98.18182 37.50000 216.81818 0.61730
98.18182 37.50000 221.81818 0.61592
98.18182 37.50000 226.81818 0.63782
98.18182 37.50000 231.81818 0.68184
98.18182 37.50000 236.81818 0.74733
98.18182 37.50000 241.81818 0.84113
98.18182 37.50000 246.81818 0.98794
98.18182 37.50000 251.81818 1.21695
98.18182 37.50000 256.81818 1.49558
98.18182 37.50000 261.81818 1.68539
98.18182 37.50000 266.81818 1.65205
98.18182 37.50000 271.81818 1.42588
98.18182 37.50000 276.81818 1.16188
98.18182 37.50000 281.81818 0.96572
98.18182 37.50000 286.81818 0.84021
98.18182 37.50000 291.81818 0.75336
98.18182 37.50000 296.81818 0.68793
98.18182 37.50000 301.81818 0.64184
106.36364 37.50000 208.63636 0.61407
106.36364 37.50000 213.63636 0.60164
106.36364 37.50000 218.63636 0.60989
106.36364 37.50000 223.63636 0.63839
106.36364 37.50000 228.63636 0.68595
106.36364 37.50000 233.63636 0.75364
106.36364 37.50000 238.63636 0.85100
106.36364 37.50000 243.63636 0.99512
106.36364 37.50000 248.63636 1.18029
106.36364 37.50000 253.63636 1.33835
106.36364 37.50000 258.63636 1.37335
106.36364 37.50000 263.63636 1.26615
106.36364 37.50000 268.63636 1.09669
106.36364 37.50000 273.63636 0.94781
106.36364 37.50000 278.63636 0.84054
106.36364 37.50000 283.63636 0.76039
106.36364 37.50000 288.63636 0.69598
106.36364 37.50000 293.63636 0.64629
114.54545 37.50000 200.45455 0.60709
114.54545 37.50000 205.45455 0.58870
114.54545 37.50000 210.45455 0.58703
114.54545 37.50000 215.45455 0.60228
114.54545 37.50000 220.45455 0.63354
114.54545 37.50000 225.45455 0.67970
114.54545 37.50000 230.45455 0.74184
114.54545 37.50000 235.45455 0.82464
114.54545 37.50000 240.45455 0.92717
114.54545 37.50000 245.45455 1.02422
114.54545 37.50000 250.45455 1.07012
114.54545 37.50000 255.45455 1.04167
114.54545 37.50000 260.45455 0.96407
114.54545 37.50000 265.45455 0.87880
114.54545 37.50000 270.45455 0.80517
114.54545 37.50000 275.45455 0.74219
114.54545 37.50000 280.45455 0.68689
114.54545 37.50000 285.45455 0.64074
122.72727 37.50000 192.27273 0.59632
122.72727 37.50000 197.27273 0.57761
122.72727 37.50000 202.27273 0.57152
122.72727 37.50000 207.27273 0.57873
122.72727 37.50000 212.27273 0.59873
122.72727 37.50000 217.27273 0.62991
122.72727 37.50000 222.27273 0.67034
122.72727 37.50000 227.27273 0.71879
122.72727 37.50000 232.27273 0.77312
122.72727 37.50000 237.27273 0.82458
122.72727 37.50000 242.27273 0.85664
122.72727 37.50000 247.27273 0.85720
122.72727 37.50000 252.27273 0.83056
122.72727 37.50000 257.27273 0.79090
122.72727 37.50000 262.27273 0.74804
122.72727 37.50000 267.27273 0.70493
122.72727 37.50000 272.27273 0.66318
122.72727 37.50000 277.27273 0.62580
130.90909 37.50000 184.09091 0.58407
130.90909 37.50000 189.09091 0.56961
130.90909 37.50000 194.09091 0.56472
130.90909 37.50000 199.09091 0.57070
130.90909 37.50000 204.09091 0.58739
130.90909 37.50000 209.09091 0.61277
130.90909 37.50000 214.09091 0.64308
130.90909 37.50000 219.09091 0.67396
130.90909 37.50000 224.09091 0.70183
130.90909 37.50000 229.09091 0.72386
130.90909 37.50000 234.09091 0.73682
130.90909 37.50000 239.09091 0.73807
130.90909 37.50000 244.09091 0.72812
130.90909 37.50000 249.09091 0.71009
130.90909 37.50000 254.09091 0.68685
130.90909 37.50000 259.09091 0.66024
130.90909 37.50000 264.09091 0.63232
130.90909 37.50000 269.09091 0.60590
139.09091 37.50000 175.90909 0.57411
139.09091 37.50000 180.90909 0.56671
139.09091 37.50000 185.90909 0.56776
139.09091 37.50000 190.90909 0.57981
139.09091 37.50000 195.90909 0.60374
139.09091 37.50000 200.90909 0.63717
139.09091 37.50000 205.90909 0.67325
139.09091 37.50000 210.90909 0.70179
139.09091 37.50000 215.90909 0.71441
139.09091 37.50000 220.90909 0.71037
139.09091 37.50000 225.90909 0.69633
139.09091 37.50000 230.90909 0.67978
139.09091 37.50000 235.90909 0.66430
139.09091 37.50000 240.90909 0.64989
139.09091 37.50000 245.90909 0.63525
139.09091 37.50000 250.90909 0.61948
139.09091 37.50000 255.90909 0.60293
139.09091 37.50000 260.90909 0.58707
147.27273 37.50000 167.72727 0.56933
147.27273 37.50000 172.72727 0.57014
147.27273 37.50000 177.72727 0.58029
147.27273 37.50000 182.72727 0.60485
147.27273 37.50000 187.72727 0.64787
147.27273 37.50000 192.72727 0.70882
147.27273 37.50000 197.72727 0.77721
147.27273 37.50000 202.72727 0.83005
147.27273 37.50000 207.72727 0.84236
147.27273 37.50000 212.72727 0.80836
147.27273 37.50000 217.72727 0.74822
147.27273 37.50000 222.72727 0.68916
147.27273 37.50000 227.72727 0.64574
147.27273 37.50000 232.72727 0.61831
147.27273 37.50000 237.72727 0.60143
147.27273 37.50000 242.72727 0.58996
147.27273 37.50000 247.72727 0.58100
147.27273 37.50000 252.72727 0.57379
155.45455 37.50000 159.54545 0.56989
155.45455 37.50000 164.54545 0.57867
155.45455 37.50000 169.54545 0.59880
155.45455 37.50000 174.54545 0.63892
155.45455 37.50000 179.54545 0.70950
155.45455 37.50000 184.54545 0.81789
155.45455 37.50000 189.54545 0.95530
155.45455 37.50000 194.54545 1.08021
155.45455 37.50000 199.54545 1.12865
155.45455 37.50000 204.54545 1.06760
155.45455 37.50000 209.54545 0.93222
155.45455 37.50000 214.54545 0.79054
155.45455 37.50000 219.54545 0.68558
155.45455 37.50000 224.54545 0.62263
155.45455 37.50000 229.54545 0.58979
155.45455 37.50000 234.54545 0.57450
155.45455 37.50000 239.54545 0.56836
155.45455 37.50000 244.54545 0.56714
163.63636 37.50000 151.36364 0.57347
163.63636 37.50000 156.36364 0.58888
163.63636 37.50000 161.36364 0.61726
163.63636 37.50000 166.36364 0.67027
163.63636 37.50000 171.36364 0.76610
163.63636 37.50000 176.36364 0.92645
163.63636 37.50000 181.36364 1.15761
163.63636 37.50000 186.36364 1.40875
163.63636 37.50000 191.36364 1.55920
163.63636 37.50000 196.36364 1.50704
163.63636 37.50000 201.36364 1.28073
163.63636 37.50000 206.36364 1.00996
163.63636 37.50000 211.36364 0.79838
163.63636 37.50000 216.36364 0.66945
163.63636 37.50000 221.36364 0.60266
163.63636 37.50000 226.36364 0.57318
163.63636 37.50000 231.36364 0.56395
163.63636 37.50000 236.36364 0.56538
171.81818 37.50000 143.18182 0.57736
171.81818 37.50000 148.18182 0.59749
171.81818 37.50000 153.18182 0.63089
171.81818 37.50000 158.18182 0.68947
171.81818 37.50000 163.18182 0.79544
171.81818 37.50000 168.18182 0.98289
171.81818 37.50000 173.18182 1.28229
171.81818 37.50000 178.18182 1.66110
171.81818 37.50000 183.18182 1.96468
171.81818 37.50000 188.18182 1.99819
171.81818 37.50000 193.18182 1.72805
171.81818 37.50000 198.18182 1.32485
171.81818 37.50000 203.18182 0.97835
171.81818 37.50000 208.18182 0.75714
171.81818 37.50000 213.18182 0.63912
171.81818 37.50000 218.18182 0.58484
171.81818 37.50000 223.18182 0.56605
171.81818 37.50000 228.18182 0.56627
180.00000 37.50000 135.00000 0.58066
180.00000 37.50000 140.00000 0.60373
180.00000 37.50000 145.00000 0.63948
180.00000 37.50000 150.00000 0.69674
180.00000 37.50000 155.00000 0.79498
180.00000 37.50000 160.00000 0.96881
180.00000 37.50000 165.00000 1.26202
180.00000 37.50000 170.00000 1.67670
180.00000 37.50000 175.00000 2.08494
180.00000 37.50000 180.00000 2.25043
180.00000 37.50000 185.00000 2.04612
180.00000 37.50000 190.00000 1.60443
180.00000 37.50000 195.00000 1.16608
180.00000 37.50000 200.00000 0.86170
180.00000 37.50000 205.00000 0.68997
180.00000 37.50000 210.00000 0.60613
180.00000 37.50000 215.00000 0.57328
180.00000 37.50000 220.00000 0.56887
188.18182 37.50000 126.81818 0.58468
188.18182 37.50000 131.81818 0.60975
188.18182 37.50000 136.81818 0.64711
188.18182 37.50000 141.81818 0.70082
188.18182 37.50000 146.81818 0.78309
188.18182 37.50000 151.81818 0.91824
188.18182 37.50000 156.81818 1.14289
188.18182 37.50000 161.81818 1.47804
188.18182 37.50000 166.81818 1.85626
188.18182 37.50000 171.81818 2.09115
188.18182 37.50000 176.81818 2.01707
188.18182 37.50000 181.81818 1.67327
188.18182 37.50000 186.81818 1.25990
188.18182 37.50000 191.81818 0.93569
188.18182 37.50000 196.81818 0.73563
188.18182 37.50000 201.81818 0.62999
188.18182 37.50000 206.81818 0.58398
188.18182 37.50000 211.81818 0.57366
196.36364 37.50000 118.63636 0.59170
196.36364 37.50000 123.63636 0.61892
196.36364 37.50000 128.63636 0.65903
196.36364 37.50000 133.63636 0.71169
196.36364 37.50000 138.63636 0.78133
196.36364 37.50000 143.63636 0.87960
196.36364 37.50000 148.63636 1.02659
196.36364 37.50000 153.63636 1.23979
196.36364 37.50000 158.63636 1.49515
196.36364 37.50000 163.63636 1.69116
196.36364 37.50000 168.63636 1.70256
196.36364 37.50000 173.63636 1.50676
196.36364 37.50000 178.63636 1.21182
196.36364 37.50000 183.63636 0.94375
196.36364 37.50000 188.63636 0.75726
196.36364 37.50000 193.63636 0.64828
196.36364 37.50000 198.63636 0.59587
196.36364 37.50000 203.63636 0.58136
204.54545 37.50000 110.45455 0.60323
204.54545 37.50000 115.45455 0.63366
204.54545 37.50000 120.45455 0.67870
204.54545 37.50000 125.45455 0.73496
204.54545 37.50000 130.45455 0.80095
204.54545 37.50000 135.45455 0.87843
204.54545 37.50000 140.45455 0.97350
204.54545 37.50000 145.45455 1.09304
204.54545 37.50000 150.45455 1.22931
204.54545 37.50000 155.45455 1.34006
204.54545 37.50000 160.45455 1.36109
204.54545 37.50000 165.45455 1.26327
204.54545 37.50000 170.45455 1.08654
204.54545 37.50000 175.45455 0.90139
204.54545 37.50000 180.45455 0.75460
204.54545 37.50000 185.45455 0.65848
204.54545 37.50000 190.45455 0.60766
204.54545 37.50000 195.45455 0.59227
212.72727 37.50000 102.27273 0.61932
212.72727 37.50000 107.27273 0.65420
212.72727 37.50000 112.27273 0.70635
212.72727 37.50000 117.27273 0.77071
212.72727 37.50000 122.27273 0.84199
212.72727 37.50000 127.27273 0.91553
212.72727 37.50000 132.27273 0.98848
212.72727 37.50000 137.27273 1.05930
212.72727 37.50000 142.27273 1.12327
212.72727 37.50000 147.27273 1.16510
212.72727 37.50000 152.27273 1.16057
212.72727 37.50000 157.27273 1.09560
212.72727 37.50000 162.27273 0.98365
212.72727 37.50000 167.27273 0.85747
212.72727 37.50000 172.27273 0.74666
212.72727 37.50000 177.27273 0.66653
212.72727 37.50000 182.27273 0.62067
212.72727 37.50000 187.27273 0.60650
220.90909 37.50000 94.09091 0.63881
220.90909 37.50000 99.09091 0.67866
220.90909 37.50000 104.09091 0.73935
220.90909 37.50000 109.09091 0.81496
220.90909 37.50000 114.09091 0.89799
220.90909 37.50000 119.09091 0.97995
220.90909 37.50000 124.09091 1.05245
220.90909 37.50000 129.09091 1.10807
220.90909 37.50000 134.09091 1.14048
220.90909 37.50000 139.09091 1.14360
220.90909 37.50000 144.09091 1.11193
220.90909 37.50000 149.09091 1.04466
220.90909 37.50000 154.09091 0.95081
220.90909 37.50000 159.09091 0.84774
220.90909 37.50000 164.09091 0.75365
220.90909 37.50000 169.09091 0.68154
220.90909 37.50000 174.09091 0.63790
220.90909 37.50000 179.09091 0.62418
229.09091 37.50000 85.90909 0.65989
229.09091 37.50000 90.90909 0.70392
229.09091 37.50000 95.90909 0.77323
229.09091 37.50000 100.90909 0.86153
229.09091 37.50000 105.90909 0.96026
229.09091 37.50000 110.90909 1.05904
229.09091 37.50000 115.90909 1.14596
229.09091 37.50000 120.90909 1.20801
229.09091 37.50000 125.90909 1.23390
229.09091 37.50000 130.90909 1.21884
229.09091 37.50000 135.90909 1.16601
229.09091 37.50000 140.90909 1.08388
229.09091 37.50000 145.90909 0.98380
229.09091 37.50000 150.90909 0.87923
229.09091 37.50000 155.90909 0.78384
229.09091 37.50000 160.90909 0.70886
229.09091 37.50000 165.90909 0.66153
229.09091 37.50000 170.90909 0.64511
237.27273 37.50000 77.72727 0.68048
237.27273 37.50000 82.72727 0.72660
237.27273 37.50000 87.72727 0.80307
237.27273 37.50000 92.72727 0.90367
237.27273 37.50000 97.72727 1.02019
237.27273 37.50000 102.72727 1.14300
237.27273 37.50000 107.72727 1.25888
237.27273 37.50000 112.72727 1.34707
237.27273 37.50000 117.72727 1.38389
237.27273 37.50000 122.72727 1.35904
237.27273 37.50000 127.72727 1.28366
237.27273 37.50000 132.72727 1.17844
237.27273 37.50000 137.72727 1.06033
237.27273 37.50000 142.72727 0.94174
237.27273 37.50000 147.72727 0.83415
237.27273 37.50000 152.72727 0.74808
237.27273 37.50000 157.72727 0.69134
237.27273 37.50000 162.72727 0.66834
245.45455 37.50000 69.54545 0.69863
245.45455 37.50000 74.54545 0.74377
245.45455 37.50000 79.54545 0.82444
245.45455 37.50000 84.54545 0.93499
245.45455 37.50000 89.54545 1.06932
245.45455 37.50000 94.54545 1.22296
245.45455 37.50000 99.54545 1.38703
245.45455 37.50000 104.54545 1.53123
245.45455 37.50000 109.54545 1.60396
245.45455 37.50000 114.54545 1.57295
245.45455 37.50000 119.54545 1.45913
245.45455 37.50000 124.54545 1.31109
245.45455 37.50000 129.54545 1.16148
245.45455 37.50000 134.54545 1.02127
245.45455 37.50000 139.54545 0.89638
245.45455 37.50000 144.54545 0.79496
245.45455 37.50000 149.54545 0.72511
245.45455 37.50000 154.54545 0.69223
253.63636 37.50000 61.36364 0.71272
253.63636 37.50000 66.36364 0.75344
253.63636 37.50000 71.36364 0.83423
253.63636 37.50000 76.36364 0.95022
253.63636 37.50000 81.36364 1.09811
253.63636 37.50000 86.36364 1.28241
253.63636 37.50000 91.36364 1.50839
253.63636 37.50000 96.36364 1.74452
253.63636 37.50000 101.36364 1.89804
253.63636 37.50000 106.36364 1.88169
253.63636 37.50000 111.36364 1.71166
253.63636 37.50000 116.36364 1.48594
253.63636 37.50000 121.36364 1.27924
253.63636 37.50000 126.36364 1.10673
253.63636 37.50000 131.36364 0.96167
253.63636 37.50000 136.36364 0.84388
253.63636 37.50000 141.36364 0.75960
253.63636 37.50000 146.36364 0.71482
261.81818 37.50000 53.18182 0.72162
261.81818 37.50000 58.18182 0.75473
261.81818 37.50000 63.18182 0.83120
261.81818 37.50000 68.18182 0.94656
261.81818 37.50000 73.18182 1.09859
261.81818 37.50000 78.18182 1.29785
261.81818 37.50000 83.18182 1.56755
261.81818 37.50000 88.18182 1.89503
261.81818 37.50000 93.18182 2.16527
261.81818 37.50000 98.18182 2.21643
261.81818 37.50000 103.18182 2.01531
261.81818 37.50000 108.18182 1.69810
261.81818 37.50000 113.18182 1.40932
261.81818 37.50000 118.18182 1.19047
261.81818 37.50000 123.18182 1.02225
261.81818 37.50000 128.18182 0.88903
261.81818 37.50000 133.18182 0.79113
261.81818 37.50000 138.18182 0.73404
270.00000 37.50000 45.00000 0.72466
270.00000 37.50000 50.00000 0.74790
270.00000 37.50000 55.00000 0.81607
270.00000 37.50000 60.00000 0.92491
270.00000 37.50000 65.00000 1.07076
270.00000 37.50000 70.00000 1.26133
270.00000 37.50000 75.00000 1.52463
270.00000 37.50000 80.00000 1.87382
270.00000 37.50000 85.00000 2.22000
270.00000 37.50000 90.00000 2.37167
270.00000 37.50000 95.00000 2.22000
270.00000 37.50000 100.00000 1.87382
270.00000 37.50000 105.00000 1.52463
270.00000 37.50000 110.00000 1.26133
270.00000 37.50000 115.00000 1.07076
270.00000 37.50000 120.00000 0.92491
270.00000 37.50000 125.00000 0.81607
270.00000 37.50000 130.00000 0.74790
278.18182 37.50000 36.81818 0.72162
278.18182 37.50000 41.81818 0.73404
278.18182 37.50000 46.81818 0.79113
278.18182 37.50000 51.81818 0.88903
278.18182 37.50000 56.81818 1.02225
278.18182 37.50000 61.81818 1.19047
278.18182 37.50000 66.81818 1.40932
278.18182 37.50000 71.81818 1.69810
278.18182 37.50000 76.81818 2.01531
278.18182 37.50000 81.81818 2.21643
278.18182 37.50000 86.81818 2.16527
278.18182 37.50000 91.81818 1.89503
278.18182 37.50000 96.81818 1.56755
278.18182 37.50000 101.81818 1.29785
278.18182 37.50000 106.81818 1.09859
278.18182 37.50000 111.81818 0.94656
278.18182 37.50000 116.81818 0.83120
278.18182 37.50000 121.81818 0.75473
286.36364 37.50000 33.63636 0.71482
286.36364 37.50000 38.63636 0.75960
286.36364 37.50000 43.63636 0.84388
286.36364 37.50000 48.63636 0.96167
286.36364 37.50000 53.63636 1.10673
286.36364 37.50000 58.63636 1.27924
286.36364 37.50000 63.63636 1.48594
286.36364 37.50000 68.63636 1.71166
286.36364 37.50000 73.63636 1.88169
286.36364 37.50000 78.63636 1.89804
286.36364 37.50000 83.63636 1.74452
286.36364 37.50000 88.63636 1.50839
286.36364 37.50000 93.63636 1.28241
286.36364 37.50000 98.63636 1.09811
286.36364 37.50000 103.63636 0.95022
286.36364 37.50000 108.63636 0.83423
286.36364 37.50000 113.63636 0.75344
294.54545 37.50000 25.45455 0.69223
294.54545 37.50000 30.45455 0.72511
294.54545 37.50000 35.45455 0.79496
294.54545 37.50000 40.45455 0.89638
294.54545 37.50000 45.45455 1.02127
294.54545 37.50000 50.45455 1.16148
294.54545 37.50000 55.45455 1.31109
294.54545 37.50000 60.45455 1.45913
294.54545 37.50000 65.45455 1.57295
294.54545 37.50000 70.45455 1.60396
294.54545 37.50000 75.45455 1.53123
294.54545 37.50000 80.45455 1.38703
294.54545 37.50000 85.45455 1.22296
294.54545 37.50000 90.45455 1.06932
294.54545 37.50000 95.45455 0.93499
294.54545 37.50000 100.45455 0.82444
294.54545 37.50000 105.45455 0.74377
302.72727 37.50000 12.27273 0.68048
302.72727 37.50000 17.27273 0.66834
302.72727 37.50000 22.27273 0.69134
302.72727 37.50000 27.27273 0.74808
302.72727 37.50000 32.27273 0.83415
302.72727 37.50000 37.27273 0.94174
302.72727 37.50000 42.27273 1.06033
302.72727 37.50000 47.27273 1.17844
302.72727 37.50000 52.27273 1.28366
302.72727 37.50000 57.27273 1.35904
302.72727 37.50000 62.27273 1.38389
302.72727 37.50000 67.27273 1.34707
302.72727 37.50000 72.27273 1.25888
302.72727 37.50000 77.27273 1.14300
302.72727 37.50000 82.27273 1.02019
302.72727 37.50000 87.27273 0.90367
302.72727 37.50000 92.27273 0.80307
302.72727 37.50000 97.27273 0.72660
310.90909 37.50000 4.09091 0.65989
310.90909 37.50000 9.09091 0.64511
310.90909 37.50000 14.09091 0.66153
310.90909 37.50000 19.09091 0.70886
310.90909 37.50000 24.09091 0.78384
310.90909 37.50000 29.09091 0.87923
310.90909 37.50000 34.09091 0.98380
310.90909 37.50000 39.09091 1.08388
310.90909 37.50000 44.09091 1.16601
310.90909 37.50000 49.09091 1.21884
310.90909 37.50000 54.09091 1.23390
310.90909 37.50000 59.09091 1.20801
310.90909 37.50000 64.09091 1.14596
310.90909 37.50000 69.09091 1.05904
310.90909 37.50000 74.09091 0.96026
310.90909 37.50000 79.09091 0.86153
310.90909 37.50000 84.09091 0.77323
310.90909 37.50000 89.09091 0.70392
319.09091 37.50000 355.90909 0.63881
319.09091 37.50000 0.90909 0.62418
319.09091 37.50000 5.90909 0.63790
319.09091 37.50000 10.90909 0.68154
319.09091 37.50000 15.90909 0.75365
319.09091 37.50000 20.90909 0.84774
319.09091 37.50000 25.90909 0.95081
319.09091 37.50000 30.90909 1.04466
319.09091 37.50000 35.90909 1.11193
319.09091 37.50000 40.90909 1.14360
319.09091 37.50000 45.90909 1.14048
319.09091 37.50000 50.90909 1.10807
319.09091 37.50000 55.90909 1.05245
319.09091 37.50000 60.90909 0.97995
319.09091 37.50000 65.90909 0.89799
319.09091 37.50000 70.90909 0.81496
319.09091 37.50000 75.90909 0.73935
319.09091 37.50000 80.90909 0.67866
327.27273 37.50000 352.72727 0.60650
327.27273 37.50000 357.72727 0.62067
327.27273 37.50000 2.72727 0.66653
327.27273 37.50000 7.72727 0.74666
327.27273 37.50000 12.72727 0.85747
327.27273 37.50000 17.72727 0.98365
327.27273 37.50000 22.72727 1.09560
327.27273 37.50000 27.72727 1.16057
327.27273 37.50000 32.72727 1.16510
327.27273 37.50000 37.72727 1.12327
327.27273 37.50000 42.72727 1.05930
327.27273 37.50000 47.72727 0.98848
327.27273 37.50000 52.72727 0.91553
327.27273 37.50000 57.72727 0.84199
327.27273 37.50000 62.72727 0.77071
327.27273 37.50000 67.72727 0.70635
327.27273 37.50000 72.72727 0.65420
335.45455 37.50000 339.54545 0.60323
335.45455 37.50000 344.54545 0.59227
335.45455 37.50000 349.54545 0.60766
335.45455 37.50000 354.54545 0.65848
335.45455 37.50000 359.54545 0.75460
335.45455 37.50000 4.54545 0.90139
335.45455 37.50000 9.54545 1.08654
335.45455 37.50000 14.54545 1.26327
335.45455 37.50000 19.54545 1.36109
335.45455 37.50000 24.54545 1.34006
335.45455 37.50000 29.54545 1.22931
335.45455 37.50000 34.54545 1.09304
335.45455 37.50000 39.54545 0.97350
335.45455 37.50000 44.54545 0.87843
335.45455 37.50000 49.54545 0.80095
335.45455 37.50000 54.54545 0.73496
335.45455 37.50000 59.54545 0.67870
335.45455 37.50000 64.54545 0.63366
343.63636 37.50000 336.36364 0.58136
343.63636 37.50000 341.36364 0.59587
343.63636 37.50000 346.36364 0.64828
343.63636 37.50000 351.36364 0.75726
343.63636 37.50000 356.36364 0.94375
343.63636 37.50000 1.36364 1.21182
343.63636 37.50000 6.36364 1.50676
343.63636 37.50000 11.36364 1.70256
343.63636 37.50000 16.36364 1.69116
343.63636 37.50000 21.36364 1.49515
343.63636 37.50000 26.36364 1.23979
343.63636 37.50000 31.36364 1.02659
343.63636 37.50000 36.36364 0.87960
343.63636 37.50000 41.36364 0.78133
343.63636 37.50000 46.36364 0.71169
343.63636 37.50000 51.36364 0.65903
343.63636 37.50000 56.36364 0.61892
351.81818 37.50000 328.18182 0.57366
351.81818 37.50000 333.18182 0.58398
351.81818 37.50000 338.18182 0.62999
351.81818 37.50000 343.18182 0.73563
351.81818 37.50000 348.18182 0.93569
351.81818 37.50000 353.18182 1.25990
351.81818 37.50000 358.18182 1.67327
351.81818 37.50000 3.18182 2.01707
351.81818 37.50000 8.18182 2.09115
351.81818 37.50000 13.18182 1.85626
351.81818 37.50000 18.18182 1.47804
351.81818 37.50000 23.18182 1.14289
351.81818 37.50000 28.18182 0.91824
351.81818 37.50000 33.18182 0.78309
351.81818 37.50000 38.18182 0.70082
351.81818 37.50000 43.18182 0.64711
351.81818 37.50000 48.18182 0.60975
0.00000 37.50000 315.00000 0.58066
0.00000 37.50000 320.00000 0.56887
0.00000 37.50000 325.00000 0.57328
0.00000 37.50000 330.00000 0.60613
0.00000 37.50000 335.00000 0.68997
0.00000 37.50000 340.00000 0.86170
0.00000 37.50000 345.00000 1.16608
0.00000 37.50000 350.00000 1.60443
0.00000 37.50000 355.00000 2.04612
0.00000 37.50000 0.00000 2.25043
0.00000 37.50000 5.00000 2.08494
0.00000 37.50000 10.00000 1.67670
0.00000 37.50000 15.00000 1.26202
0.00000 37.50000 20.00000 0.96881
0.00000 37.50000 25.00000 0.79498
0.00000 37.50000 30.00000 0.69674
0.00000 37.50000 35.00000 0.63948
0.00000 37.50000 40.00000 0.60373
8.18182 37.50000 311.81818 0.56627
8.18182 37.50000 316.81818 0.56605
8.18182 37.50000 321.81818 0.58484
8.18182 37.50000 326.81818 0.63912
8.18182 37.50000 331.81818 0.75714
8.18182 37.50000 336.81818 0.97835
8.18182 37.50000 341.81818 1.32485
8.18182 37.50000 346.81818 1.72805
8.18182 37.50000 351.81818 1.99819
8.18182 37.50000 356.81818 1.96468
8.18182 37.50000 1.81818 1.66110
8.18182 37.50000 6.81818 1.28229
8.18182 37.50000 11.81818 0.98289
8.18182 37.50000 16.81818 0.79544
8.18182 37.50000 21.81818 0.68947
8.18182 37.50000 26.81818 0.63089
8.18182 37.50000 31.81818 0.59749
16.36364 37.50000 303.63636 0.56538
16.36364 37.50000 308.63636 0.56395
16.36364 37.50000 313.63636 0.57318
16.36364 37.50000 318.63636 0.60266
16.36364 37.50000 323.63636 0.66945
16.36364 37.50000 328.63636 0.79838
16.36364 37.50000 333.63636 1.00996
16.36364 37.50000 338.63636 1.28073
16.36364 37.50000 343.63636 1.50704
16.36364 37.50000 348.63636 1.55920
16.36364 37.50000 353.63636 1.40875
16.36364 37.50000 358.63636 1.15761
16.36364 37.50000 3.63636 0.92645
16.36364 37.50000 8.63636 0.76610
16.36364 37.50000 13.63636 0.67027
16.36364 37.50000 18.63636 0.61726
16.36364 37.50000 23.63636 0.58888
24.54545 37.50000 295.45455 0.56714
24.54545 37.50000 300.45455 0.56836
24.54545 37.50000 305.45455 0.57450
24.54545 37.50000 310.45455 0.58979
24.54545 37.50000 315.45455 0.62263
24.54545 37.50000 320.45455 0.68558
24.54545 37.50000 325.45455 0.79054
24.54545 37.50000 330.45455 0.93222
24.54545 37.50000 335.45455 1.06760
24.54545 37.50000 340.45455 1.12865
24.54545 37.50000 345.45455 1.08021
24.54545 37.50000 350.45455 0.95530
24.54545 37.50000 355.45455 0.81789
24.54545 37.50000 0.45455 0.70950
24.54545 37.50000 5.45455 0.63892
24.54545 37.50000 10.45455 0.59880
24.54545 37.50000 15.45455 0.57867
32.72727 37.50000 287.27273 0.57379
32.72727 37.50000 292.27273 0.58100
32.72727 37.50000 297.27273 0.58996
32.72727 37.50000 302.27273 0.60143
32.72727 37.50000 307.27273 0.61831
32.72727 37.50000 312.27273 0.64574
32.72727 37.50000 317.27273 0.68916
32.72727 37.50000 322.27273 0.74822
32.72727 37.50000 327.27273 0.80836
32.72727 37.50000 332.27273 0.84236
32.72727 37.50000 337.27273 0.83005
32.72727 37.50000 342.27273 0.77721
32.72727 37.50000 347.27273 0.70882
32.72727 37.50000 352.27273 0.64787
32.72727 37.50000 357.27273 0.60485
32.72727 37.50000 2.27273 0.58029
32.72727 37.50000 7.27273 0.57014
40.90909 37.50000 279.09091 0.58707
40.90909 37.50000 284.09091 0.60293
40.90909 37.50000 289.09091 0.61948
40.90909 37.50000 294.09091 0.63525
40.90909 37.50000 299.09091 0.64989
40.90909 37.50000 304.09091 0.66430
40.90909 37.50000 309.09091 0.67978
40.90909 37.50000 314.09091 0.69633
40.90909 37.50000 319.09091 0.71037
40.90909 37.50000 324.09091 0.71441
40.90909 37.50000 329.09091 0.70179
40.90909 37.50000 334.09091 0.67325
40.90909 37.50000 339.09091 0.63717
40.90909 37.50000 344.09091 0.60374
40.90909 37.50000 349.09091 0.57981
40.90909 37.50000 354.09091 0.56776
40.90909 37.50000 359.09091 0.56671
49.09091 37.50000 270.90909 0.60590
49.09091 37.50000 275.90909 0.63232
49.09091 37.50000 280.90909 0.66024
49.09091 37.50000 285.90909 0.68685
49.09091 37.50000 290.90909 0.71009
49.09091 37.50000 295.90909 0.72812
49.09091 37.50000 300.90909 0.73807
49.09091 37.50000 305.90909 0.73682
49.09091 37.50000 310.90909 0.72386
49.09091 37.50000 315.90909 0.70183
49.09091 37.50000 320.90909 0.67396
49.09091 37.50000 325.90909 0.64308
49.09091 37.50000 330.90909 0.61277
49.09091 37.50000 335.90909 0.58739
49.09091 37.50000 340.90909 0.57070
49.09091 37.50000 345.90909 0.56472
49.09091 37.50000 350.90909 0.56961
57.27273 37.50000 262.72727 0.62580
57.27273 37.50000 267.72727 0.66318
57.27273 37.50000 272.72727 0.70493
57.27273 37.50000 277.72727 0.74804
57.27273 37.50000 282.72727 0.79090
57.27273 37.50000 287.72727 0.83056
57.27273 37.50000 292.72727 0.85720
57.27273 37.50000 297.72727 0.85664
57.27273 37.50000 302.72727 0.82458
57.27273 37.50000 307.72727 0.77312
57.27273 37.50000 312.72727 0.71879
57.27273 37.50000 317.72727 0.67034
57.27273 37.50000 322.72727 0.62991
57.27273 37.50000 327.72727 0.59873
57.27273 37.50000 332.72727 0.57873
57.27273 37.50000 337.72727 0.57152
57.27273 37.50000 342.72727 0.57761
65.45455 37.50000 254.54545 0.64074
65.45455 37.50000 259.54545 0.68689
65.45455 37.50000 264.54545 0.74219
65.45455 37.50000 269.54545 0.80517
65.45455 37.50000 274.54545 0.87880
65.45455 37.50000 279.54545 0.96407
65.45455 37.50000 284.54545 1.04167
65.45455 37.50000 289.54545 1.07012
65.45455 37.50000 294.54545 1.02422
65.45455 37.50000 299.54545 0.92717
65.45455 37.50000 304.54545 0.82464
65.45455 37.50000 309.54545 0.74184
65.45455 37.50000 314.54545 0.67970
65.45455 37.50000 319.54545 0.63354
65.45455 37.50000 324.54545 0.60228
65.45455 37.50000 329.54545 0.58703
65.45455 37.50000 334.54545 0.58870
73.63636 37.50000 246.36364 0.64629
73.63636 37.50000 251.36364 0.69598
73.63636 37.50000 256.36364 0.76039
73.63636 37.50000 261.36364 0.84054
73.63636 37.50000 266.36364 0.94781
73.63636 37.50000 271.36364 1.09669
73.63636 37.50000 276.36364 1.26615
73.63636 37.50000 281.36364 1.37335
73.63636 37.50000 286.36364 1.33835
73.63636 37.50000 291.36364 1.18029
73.63636 37.50000 296.36364 0.99512
73.63636 37.50000 301.36364 0.85100
73.63636 37.50000 306.36364 0.75364
73.63636 37.50000 311.36364 0.68595
73.63636 37.50000 316.36364 0.63839
73.63636 37.50000 321.36364 0.60989
73.63636 37.50000 326.36364 0.60164
81.81818 37.50000 238.18182 0.64184
81.81818 37.50000 243.18182 0.68793
81.81818 37.50000 248.18182 0.75336
81.81818 37.50000 253.18182 0.84021
81.81818 37.50000 258.18182 0.96572
81.81818 37.50000 263.18182 1.16188
81.81818 37.50000 268.18182 1.42588
81.81818 37.50000 273.18182 1.65205
81.81818 37.50000 278.18182 1.68539
81.81818 37.50000 283.18182 1.49558
81.81818 37.50000 288.18182 1.21695
81.81818 37.50000 293.18182 0.98794
81.81818 37.50000 298.18182 0.84113
81.81818 37.50000 303.18182 0.74733
81.81818 37.50000 308.18182 0.68184
81.81818 37.50000 313.18182 0.63782
81.81818 37.50000 318.18182 0.61592
93.67347 42.50000 221.32653 0.65409
93.67347 42.50000 226.32653 0.66077
93.67347 42.50000 231.32653 0.69831
93.67347 42.50000 236.32653 0.76461
93.67347 42.50000 241.32653 0.85829
93.67347 42.50000 246.32653 0.98772
93.67347 42.50000 251.32653 1.18182
93.67347 42.50000 256.32653 1.46750
93.67347 42.50000 261.32653 1.78898
93.67347 42.50000 266.32653 1.97603
93.67347 42.50000 271.32653 1.89383
93.67347 42.50000 276.32653 1.60758
93.67347 42.50000 281.32653 1.29897
93.67347 42.50000 286.32653 1.07257
93.67347 42.50000 291.32653 0.92228
93.67347 42.50000 296.32653 0.81412
93.67347 42.50000 301.32653 0.73302
93.67347 42.50000 306.32653 0.67871
101.02041 42.50000 213.97959 0.65284
101.02041 42.50000 218.97959 0.64234
101.02041 42.50000 223.97959 0.66095
101.02041 42.50000 228.97959 0.70757
101.02041 42.50000 233.97959 0.78015
101.02041 42.50000 238.97959 0.87992
101.02041 42.50000 243.97959 1.02004
101.02041 42.50000 248.97959 1.22242
101.02041 42.50000 253.97959 1.47372
101.02041 42.50000 258.97959 1.67526
101.02041 42.50000 263.97959 1.70092
101.02041 42.50000 268.97959 1.53802
101.02041 42.50000 273.97959 1.30156
101.02041 42.50000 278.97959 1.09887
101.02041 42.50000 283.97959 0.95278
101.02041 42.50000 288.97959 0.84321
101.02041 42.50000 293.97959 0.75640
101.02041 42.50000 298.97959 0.69175
108.36735 42.50000 211.63265 0.62552
108.36735 42.50000 216.63265 0.62751
108.36735 42.50000 221.63265 0.65438
108.36735 42.50000 226.63265 0.70457
108.36735 42.50000 231.63265 0.77630
108.36735 42.50000 236.63265 0.87137
108.36735 42.50000 241.63265 0.99723
108.36735 42.50000 246.63265 1.15274
108.36735 42.50000 251.63265 1.29872
108.36735 42.50000 256.63265 1.36414
108.36735 42.50000 261.63265 1.31357
108.36735 42.50000 266.63265 1.18779
108.36735 42.50000 271.63265 1.05254
108.36735 42.50000 276.63265 0.93807
108.36735 42.50000 281.63265 0.84261
108.36735 42.50000 286.63265 0.76101
108.36735 42.50000 291.63265 0.69485
115.71429 42.50000 204.28571 0.61041
115.71429 42.50000 209.28571 0.60123
115.71429 42.50000 214.28571 0.61230
115.71429 42.50000 219.28571 0.64283
115.71429 42.50000 224.28571 0.69087
115.71429 42.50000 229.28571 0.75436
115.71429 42.50000 234.28571 0.83247
115.71429 42.50000 239.28571 0.92279
115.71429 42.50000 244.28571 1.01132
115.71429 42.50000 249.28571 1.06900
115.71429 42.50000 254.28571 1.07227
115.71429 42.50000 259.28571 1.02657
115.71429 42.50000 264.28571 0.95734
115.71429 42.50000 269.28571 0.88382
115.71429 42.50000 274.28571 0.81211
115.71429 42.50000 279.28571 0.74450
115.71429 42.50000 284.28571 0.68517
123.06122 42.50000 191.93878 0.62480
123.06122 42.50000 196.93878 0.59688
123.06122 42.50000 201.93878 0.58313
123.06122 42.50000 206.93878 0.58475
123.06122 42.50000 211.93878 0.60147
123.06122 42.50000 216.93878 0.63170
123.06122 42.50000 221.93878 0.67288
123.06122 42.50000 226.93878 0.72211
123.06122 42.50000 231.93878 0.77605
123.06122 42.50000 236.93878 0.82858
123.06122 42.50000 241.93878 0.86892
123.06122 42.50000 246.93878 0.88619
123.06122 42.50000 251.93878 0.87760
123.06122 42.50000 256.93878 0.84912
123.06122 42.50000 261.93878 0.80848
123.06122 42.50000 266.93878 0.76108
123.06122 42.50000 271.93878 0.71136
123.06122 42.50000 276.93878 0.66429
130.40816 42.50000 184.59184 0.60858
130.40816 42.50000 189.59184 0.58630
130.40816 42.50000 194.59184 0.57404
130.40816 42.50000 199.59184 0.57343
130.40816 42.50000 204.59184 0.58442
130.40816 42.50000 209.59184 0.60517
130.40816 42.50000 214.59184 0.63241
130.40816 42.50000 219.59184 0.66261
130.40816 42.50000 224.59184 0.69297
130.40816 42.50000 229.59184 0.72121
130.40816 42.50000 234.59184 0.74430
130.40816 42.50000 239.59184 0.75840
130.40816 42.50000 244.59184 0.76079
130.40816 42.50000 249.59184 0.75123
130.40816 42.50000 254.59184 0.73130
130.40816 42.50000 259.59184 0.70348
130.40816 42.50000 264.59184 0.67107
130.40816 42.50000 269.59184 0.63806
137.75510 42.50000 177.24490 0.59542
137.75510 42.50000 182.24490 0.58152
137.75510 42.50000 187.24490 0.57555
137.75510 42.50000 192.24490 0.58000
137.75510 42.50000 197.24490 0.59524
137.75510 42.50000 202.24490 0.61840
137.75510 42.50000 207.24490 0.64349
137.75510 42.50000 212.24490 0.66383
137.75510 42.50000 217.24490 0.67575
137.75510 42.50000 222.24490 0.68037
137.75510 42.50000 227.24490 0.68139
137.75510 42.50000 232.24490 0.68128
137.75510 42.50000 237.24490 0.67982
137.75510 42.50000 242.24490 0.67527
137.75510 42.50000 247.24490 0.66608
137.75510 42.50000 252.24490 0.65189
137.75510 42.50000 257.24490 0.63376
137.75510 42.50000 262.24490 0.61395
145.10204 42.50000 169.89796 0.58929
145.10204 42.50000 174.89796 0.58488
145.10204 42.50000 179.89796 0.58858
145.10204 42.50000 184.89796 0.60491
145.10204 42.50000 189.89796 0.63607
145.10204 42.50000 194.89796 0.67865
145.10204 42.50000 199.89796 0.72138
145.10204 42.50000 204.89796 0.74814
145.10204 42.50000 209.89796 0.74780
145.10204 42.50000 214.89796 0.72331
145.10204 42.50000 219.89796 0.68905
145.10204 42.50000 224.89796 0.65900
145.10204 42.50000 229.89796 0.63898
145.10204 42.50000 234.89796 0.62750
145.10204 42.50000 239.89796 0.62034
145.10204 42.50000 244.89796 0.61383
145.10204 42.50000 249.89796 0.60616
145.10204 42.50000 254.89796 0.59742
152.44898 42.50000 167.55102 0.59577
152.44898 42.50000 172.55102 0.61077
152.44898 42.50000 177.55102 0.64374
152.44898 42.50000 182.55102 0.70195
152.44898 42.50000 187.55102 0.78540
152.44898 42.50000 192.55102 0.87786
152.44898 42.50000 197.55102 0.94433
152.44898 42.50000 202.55102 0.94975
152.44898 42.50000 207.55102 0.88979
152.44898 42.50000 212.55102 0.79629
152.44898 42.50000 217.55102 0.70851
152.44898 42.50000 222.55102 0.64696
152.44898 42.50000 227.55102 0.61238
152.44898 42.50000 232.55102 0.59668
152.44898 42.50000 237.55102 0.59115
152.44898 42.50000 242.55102 0.58974
152.44898 42.50000 247.55102 0.58958
159.79592 42.50000 160.20408 0.60986
159.79592 42.50000 165.20408 0.63542
159.79592 42.50000 170.20408 0.68511
159.79592 42.50000 175.20408 0.77463
159.79592 42.50000 180.20408 0.91546
159.79592 42.50000 185.20408 1.09559
159.79592 42.50000 190.20408 1.25733
159.79592 42.50000 195.20408 1.31512
159.79592 42.50000 200.20408 1.22826
159.79592 42.50000 205.20408 1.04581
159.79592 42.50000 210.20408 0.85684
159.79592 42.50000 215.20408 0.71720
159.79592 42.50000 220.20408 0.63501
159.79592 42.50000 225.20408 0.59572
159.79592 42.50000 230.20408 0.58228
159.79592 42.50000 235.20408 0.58199
159.79592 42.50000 240.20408 0.58750
167.14286 42.50000 152.85714 0.62119
167.14286 42.50000 157.85714 0.65431
167.14286 42.50000 162.85714 0.71479
167.14286 42.50000 167.85714 0.82631
167.14286 42.50000 172.85714 1.01737
167.14286 42.50000 177.85714 1.29690
167.14286 42.50000 182.85714 1.60299
167.14286 42.50000 187.85714 1.78829
167.14286 42.50000 192.85714 1.72798
167.14286 42.50000 197.85714 1.45449
167.14286 42.50000 202.85714 1.12322
167.14286 42.50000 207.85714 0.86096
167.14286 42.50000 212.85714 0.69985
167.14286 42.50000 217.85714 0.61791
167.14286 42.50000 222.85714 0.58522
167.14286 42.50000 227.85714 0.57941
167.14286 42.50000 232.85714 0.58678
174.48980 42.50000 140.51020 0.60100
174.48980 42.50000 145.51020 0.62557
174.48980 42.50000 150.51020 0.66237
174.48980 42.50000 155.51020 0.72475
174.48980 42.50000 160.51020 0.83842
174.48980 42.50000 165.51020 1.04254
174.48980 42.50000 170.51020 1.37267
174.48980 42.50000 175.51020 1.79664
174.48980 42.50000 180.51020 2.14726
174.48980 42.50000 185.51020 2.20425
174.48980 42.50000 190.51020 1.91641
174.48980 42.50000 195.51020 1.46405
174.48980 42.50000 200.51020 1.06322
174.48980 42.50000 205.51020 0.80145
174.48980 42.50000 210.51020 0.66094
174.48980 42.50000 215.51020 0.59839
174.48980 42.50000 220.51020 0.58000
174.48980 42.50000 225.51020 0.58463
181.83673 42.50000 133.16327 0.59676
181.83673 42.50000 138.16327 0.62302
181.83673 42.50000 143.16327 0.66048
181.83673 42.50000 148.16327 0.71819
181.83673 42.50000 153.16327 0.81683
181.83673 42.50000 158.16327 0.99226
181.83673 42.50000 163.16327 1.28953
181.83673 42.50000 168.16327 1.71540
181.83673 42.50000 173.16327 2.14997
181.83673 42.50000 178.16327 2.35327
181.83673 42.50000 183.16327 2.17390
181.83673 42.50000 188.16327 1.72369
181.83673 42.50000 193.16327 1.25123
181.83673 42.50000 198.16327 0.91029
181.83673 42.50000 203.16327 0.71382
181.83673 42.50000 208.16327 0.61845
181.83673 42.50000 213.16327 0.58323
181.83673 42.50000 218.16327 0.58118
189.18367 42.50000 125.81633 0.59119
189.18367 42.50000 130.81633 0.61740
189.18367 42.50000 135.81633 0.65429
189.18367 42.50000 140.81633 0.70565
189.18367 42.50000 145.81633 0.78394
189.18367 42.50000 150.81633 0.91303
189.18367 42.50000 155.81633 1.12734
189.18367 42.50000 160.81633 1.44871
189.18367 42.50000 165.81633 1.82275
189.18367 42.50000 170.81633 2.08017
189.18367 42.50000 175.81633 2.04803
189.18367 42.50000 180.81633 1.73365
189.18367 42.50000 185.81633 1.31916
189.18367 42.50000 190.81633 0.97511
189.18367 42.50000 195.81633 0.75535
189.18367 42.50000 200.81633 0.63827
189.18367 42.50000 205.81633 0.58837
189.18367 42.50000 210.81633 0.57843
196.53061 42.50000 123.46939 0.61399
196.53061 42.50000 128.46939 0.65077
196.53061 42.50000 133.46939 0.69805
196.53061 42.50000 138.46939 0.76061
196.53061 42.50000 143.46939 0.85015
196.53061 42.50000 148.46939 0.98519
196.53061 42.50000 153.46939 1.18168
196.53061 42.50000 158.46939 1.42250
196.53061 42.50000 163.46939 1.62339
196.53061 42.50000 168.46939 1.66613
196.53061 42.50000 173.46939 1.50832
196.53061 42.50000 178.46939 1.23289
196.53061 42.50000 183.46939 0.96301
196.53061 42.50000 188.46939 0.76653
196.53061 42.50000 193.46939 0.64965
196.53061 42.50000 198.46939 0.59366
196.53061 42.50000 203.46939 0.57827
203.87755 42.50000 116.12245 0.61676
203.87755 42.50000 121.12245 0.65510
203.87755 42.50000 126.12245 0.70227
203.87755 42.50000 131.12245 0.75755
203.87755 42.50000 136.12245 0.82377
203.87755 42.50000 141.12245 0.90745
203.87755 42.50000 146.12245 1.01525
203.87755 42.50000 151.12245 1.14192
203.87755 42.50000 156.12245 1.25383
203.87755 42.50000 161.12245 1.29380
203.87755 42.50000 166.12245 1.22531
203.87755 42.50000 171.12245 1.07160
203.87755 42.50000 176.12245 0.89540
203.87755 42.50000 181.12245 0.74840
203.87755 42.50000 186.12245 0.65005
203.87755 42.50000 191.12245 0.59784
203.87755 42.50000 196.12245 0.58147
211.22449 42.50000 108.77551 0.62693
211.22449 42.50000 113.77551 0.66906
211.22449 42.50000 118.77551 0.72018
211.22449 42.50000 123.77551 0.77624
211.22449 42.50000 128.77551 0.83435
211.22449 42.50000 133.77551 0.89358
211.22449 42.50000 138.77551 0.95405
211.22449 42.50000 143.77551 1.01293
211.22449 42.50000 148.77551 1.05817
211.22449 42.50000 153.77551 1.06816
211.22449 42.50000 158.77551 1.02560
211.22449 42.50000 163.77551 0.93536
211.22449 42.50000 168.77551 0.82399
211.22449 42.50000 173.77551 0.72127
211.22449 42.50000 178.77551 0.64552
211.22449 42.50000 183.77551 0.60203
211.22449 42.50000 188.77551 0.58815
218.57143 42.50000 96.42857 0.61083
218.57143 42.50000 101.42857 0.64317
218.57143 42.50000 106.42857 0.69111
218.57143 42.50000 111.42857 0.74953
218.57143 42.50000 116.42857 0.81242
218.57143 42.50000 121.42857 0.87345
218.57143 42.50000 126.42857 0.92697
218.57143 42.50000 131.42857 0.96873
218.57143 42.50000 136.42857 0.99540
218.57143 42.50000 141.42857 1.00282
218.57143 42.50000 146.42857 0.98532
218.57143 42.50000 151.42857 0.93908
218.57143 42.50000 156.42857 0.86798
218.57143 42.50000 161.42857 0.78495
218.57143 42.50000 166.42857 0.70647
218.57143 42.50000 171.42857 0.64566
218.57143 42.50000 176.42857 0.60924
218.57143 42.50000 181.42857 0.59834
225.91837 42.50000 89.08163 0.62623
225.91837 42.50000 94.08163 0.66267
225.91837 42.50000 99.08163 0.71758
225.91837 42.50000 104.08163 0.78552
225.91837 42.50000 109.08163 0.85934
225.91837 42.50000 114.08163 0.93054
225.91837 42.50000 119.08163 0.99023
225.91837 42.50000 124.08163 1.03052
225.91837 42.50000 129.08163 1.04609
225.91837 42.50000 134.08163 1.03505
225.91837 42.50000 139.08163 0.99843
225.91837 42.50000 144.08163 0.93982
225.91837 42.50000 149.08163 0.86594
225.91837 42.50000 154.08163 0.78685
225.91837 42.50000 159.08163 0.71391
225.91837 42.50000 164.08163 0.65692
225.91837 42.50000 169.08163 0.62211
225.91837 42.50000 174.08163 0.61198
233.26531 42.50000 81.73469 0.64265
233.26531 42.50000 86.73469 0.68230
233.26531 42.50000 91.73469 0.74408
233.26531 42.50000 96.73469 0.82248
233.26531 42.50000 101.73469 0.90990
233.26531 42.50000 106.73469 0.99684
233.26531 42.50000 111.73469 1.07181
233.26531 42.50000 116.73469 1.12225
233.26531 42.50000 121.73469 1.13853
233.26531 42.50000 126.73469 1.11859
233.26531 42.50000 131.73469 1.06782
233.26531 42.50000 136.73469 0.99497
233.26531 42.50000 141.73469 0.90964
233.26531 42.50000 146.73469 0.82212
233.26531 42.50000 151.73469 0.74278
233.26531 42.50000 156.73469 0.68048
233.26531 42.50000 161.73469 0.64135
233.26531 42.50000 166.73469 0.62853
240.61224 42.50000 79.38776 0.69925
240.61224 42.50000 84.38776 0.76648
240.61224 42.50000 89.38776 0.85489
240.61224 42.50000 94.38776 0.95780
240.61224 42.50000 99.38776 1.06708
240.61224 42.50000 104.38776 1.16985
240.61224 42.50000 109.38776 1.24521
240.61224 42.50000 114.38776 1.27168
240.61224 42.50000 119.38776 1.24352
240.61224 42.50000 124.38776 1.17405
240.61224 42.50000 129.38776 1.08180
240.61224 42.50000 134.38776 0.98011
240.61224 42.50000 139.38776 0.87867
240.61224 42.50000 144.38776 0.78694
240.61224 42.50000 149.38776 0.71378
240.61224 42.50000 154.38776 0.66583
240.61224 42.50000 159.38776 0.64692
247.95918 42.50000 72.04082 0.71140
247.95918 42.50000 77.04082 0.78147
247.95918 42.50000 82.04082 0.87778
247.95918 42.50000 87.04082 0.99643
247.95918 42.50000 92.04082 1.13537
247.95918 42.50000 97.04082 1.28590
247.95918 42.50000 102.04082 1.41539
247.95918 42.50000 107.04082 1.47313
247.95918 42.50000 112.04082 1.43439
247.95918 42.50000 117.04082 1.32624
247.95918 42.50000 122.04082 1.19471
247.95918 42.50000 127.04082 1.06570
247.95918 42.50000 132.04082 0.94585
247.95918 42.50000 137.04082 0.83923
247.95918 42.50000 142.04082 0.75277
247.95918 42.50000 147.04082 0.69342
247.95918 42.50000 152.04082 0.66582
255.30612 42.50000 64.69388 0.71754
255.30612 42.50000 69.69388 0.78698
255.30612 42.50000 74.69388 0.88710
255.30612 42.50000 79.69388 1.01715
255.30612 42.50000 84.69388 1.18505
255.30612 42.50000 89.69388 1.39733
255.30612 42.50000 94.69388 1.61890
255.30612 42.50000 99.69388 1.75453
255.30612 42.50000 104.69388 1.72448
255.30612 42.50000 109.69388 1.55598
255.30612 42.50000 114.69388 1.34753
255.30612 42.50000 119.69388 1.16514
255.30612 42.50000 124.69388 1.01683
255.30612 42.50000 129.69388 0.89323
255.30612 42.50000 134.69388 0.79312
255.30612 42.50000 139.69388 0.72161
255.30612 42.50000 144.69388 0.68381
262.65306 42.50000 52.34694 0.68902
262.65306 42.50000 57.34694 0.71730
262.65306 42.50000 62.34694 0.78243
262.65306 42.50000 67.34694 0.88106
262.65306 42.50000 72.34694 1.01310
262.65306 42.50000 77.34694 1.19247
262.65306 42.50000 82.34694 1.44521
262.65306 42.50000 87.34694 1.75778
262.65306 42.50000 92.34694 2.01244
262.65306 42.50000 97.34694 2.05066
262.65306 42.50000 102.34694 1.84856
262.65306 42.50000 107.34694 1.54597
262.65306 42.50000 112.34694 1.28126
262.65306 42.50000 117.34694 1.08825
262.65306 42.50000 122.34694 0.94377
262.65306 42.50000 127.34694 0.83056
262.65306 42.50000 132.34694 0.74763
262.65306 42.50000 137.34694 0.69937
270.00000 42.50000 45.00000 0.69129
270.00000 42.50000 50.00000 0.71097
270.00000 42.50000 55.00000 0.76871
270.00000 42.50000 60.00000 0.86111
270.00000 42.50000 65.00000 0.98601
270.00000 42.50000 70.00000 1.15332
270.00000 42.50000 75.00000 1.39384
270.00000 42.50000 80.00000 1.72379
270.00000 42.50000 85.00000 2.05709
270.00000 42.50000 90.00000 2.20422
270.00000 42.50000 95.00000 2.05709
270.00000 42.50000 100.00000 1.72379
270.00000 42.50000 105.00000 1.39384
270.00000 42.50000 110.00000 1.15332
270.00000 42.50000 115.00000 0.98601
270.00000 42.50000 120.00000 0.86111
270.00000 42.50000 125.00000 0.76871
270.00000 42.50000 130.00000 0.71097
277.34694 42.50000 37.65306 0.68902
277.34694 42.50000 42.65306 0.69937
277.34694 42.50000 47.65306 0.74763
277.34694 42.50000 52.65306 0.83056
277.34694 42.50000 57.65306 0.94377
277.34694 42.50000 62.65306 1.08825
277.34694 42.50000 67.65306 1.28126
277.34694 42.50000 72.65306 1.54597
277.34694 42.50000 77.65306 1.84856
277.34694 42.50000 82.65306 2.05066
277.34694 42.50000 87.65306 2.01244
277.34694 42.50000 92.65306 1.75778
277.34694 42.50000 97.65306 1.44521
277.34694 42.50000 102.65306 1.19247
277.34694 42.50000 107.65306 1.01310
277.34694 42.50000 112.65306 0.88106
277.34694 42.50000 117.65306 0.78243
277.34694 42.50000 122.65306 0.71730
284.69388 42.50000 35.30612 0.68381
284.69388 42.50000 40.30612 0.72161
284.69388 42.50000 45.30612 0.79312
284.69388 42.50000 50.30612 0.89323
284.69388 42.50000 55.30612 1.01683
284.69388 42.50000 60.30612 1.16514
284.69388 42.50000 65.30612 1.34753
284.69388 42.50000 70.30612 1.55598
284.69388 42.50000 75.30612 1.72448
284.69388 42.50000 80.30612 1.75453
284.69388 42.50000 85.30612 1.61890
284.69388 42.50000 90.30612 1.39733
284.69388 42.50000 95.30612 1.18505
284.69388 42.50000 100.30612 1.01715
284.69388 42.50000 105.30612 0.88710
284.69388 42.50000 110.30612 0.78698
284.69388 42.50000 115.30612 0.71754
292.04082 42.50000 27.95918 0.66582
292.04082 42.50000 32.95918 0.69342
292.04082 42.50000 37.95918 0.75277
292.04082 42.50000 42.95918 0.83923
292.04082 42.50000 47.95918 0.94585
292.04082 42.50000 52.95918 1.06570
292.04082 42.50000 57.95918 1.19471
292.04082 42.50000 62.95918 1.32624
292.04082 42.50000 67.95918 1.43439
292.04082 42.50000 72.95918 1.47313
292.04082 42.50000 77.95918 1.41539
292.04082 42.50000 82.95918 1.28590
292.04082 42.50000 87.95918 1.13537
292.04082 42.50000 92.95918 0.99643
292.04082 42.50000 97.95918 0.87778
292.04082 42.50000 102.95918 0.78147
292.04082 42.50000 107.95918 0.71140
299.38776 42.50000 20.61224 0.64692
299.38776 42.50000 25.61224 0.66583
299.38776 42.50000 30.61224 0.71378
299.38776 42.50000 35.61224 0.78694
299.38776 42.50000 40.61224 0.87867
299.38776 42.50000 45.61224 0.98011
299.38776 42.50000 50.61224 1.08180
299.38776 42.50000 55.61224 1.17405
299.38776 42.50000 60.61224 1.24352
299.38776 42.50000 65.61224 1.27168
299.38776 42.50000 70.61224 1.24521
299.38776 42.50000 75.61224 1.16985
299.38776 42.50000 80.61224 1.06708
299.38776 42.50000 85.61224 0.95780
299.38776 42.50000 90.61224 0.85489
299.38776 42.50000 95.61224 0.76648
299.38776 42.50000 100.61224 0.69925
306.73469 42.50000 8.26531 0.64265
306.73469 42.50000 13.26531 0.62853
306.73469 42.50000 18.26531 0.64135
306.73469 42.50000 23.26531 0.68048
306.73469 42.50000 28.26531 0.74278
306.73469 42.50000 33.26531 0.82212
306.73469 42.50000 38.26531 0.90964
306.73469 42.50000 43.26531 0.99497
306.73469 42.50000 48.26531 1.06782
306.73469 42.50000 53.26531 1.11859
306.73469 42.50000 58.26531 1.13853
306.73469 42.50000 63.26531 1.12225
306.73469 42.50000 68.26531 1.07181
306.73469 42.50000 73.26531 0.99684
306.73469 42.50000 78.26531 0.90990
306.73469 42.50000 83.26531 0.82248
306.73469 42.50000 88.26531 0.74408
306.73469 42.50000 93.26531 0.68230
314.08163 42.50000 0.91837 0.62623
314.08163 42.50000 5.91837 0.61198
314.08163 42.50000 10.91837 0.62211
314.08163 42.50000 15.91837 0.65692
314.08163 42.50000 20.91837 0.71391
314.08163 42.50000 25.91837 0.78685
314.08163 42.50000 30.91837 0.86594
314.08163 42.50000 35.91837 0.93982
314.08163 42.50000 40.91837 0.99843
314.08163 42.50000 45.91837 1.03505
314.08163 42.50000 50.91837 1.04609
314.08163 42.50000 55.91837 1.03052
314.08163 42.50000 60.91837 0.99023
314.08163 42.50000 65.91837 0.93054
314.08163 42.50000 70.91837 0.85934
314.08163 42.50000 75.91837 0.78552
314.08163 42.50000 80.91837 0.71758
314.08163 42.50000 85.91837 0.66267
321.42857 42.50000 353.57143 0.61083
321.42857 42.50000 358.57143 0.59834
321.42857 42.50000 3.57143 0.60924
321.42857 42.50000 8.57143 0.64566
321.42857 42.50000 13.57143 0.70647
321.42857 42.50000 18.57143 0.78495
321.42857 42.50000 23.57143 0.86798
321.42857 42.50000 28.57143 0.93908
321.42857 42.50000 33.57143 0.98532
321.42857 42.50000 38.57143 1.00282
321.42857 42.50000 43.57143 0.99540
321.42857 42.50000 48.57143 0.96873
321.42857 42.50000 53.57143 0.92697
321.42857 42.50000 58.57143 0.87345
321.42857 42.50000 63.57143 0.81242
321.42857 42.50000 68.57143 0.74953
321.42857 42.50000 73.57143 0.69111
321.42857 42.50000 78.57143 0.64317
328.77551 42.50000 351.22449 0.58815
328.77551 42.50000 356.22449 0.60203
328.77551 42.50000 1.22449 0.64552
328.77551 42.50000 6.22449 0.72127
328.77551 42.50000 11.22449 0.82399
328.77551 42.50000 16.22449 0.93536
328.77551 42.50000 21.22449 1.02560
328.77551 42.50000 26.22449 1.06816
328.77551 42.50000 31.22449 1.05817
328.77551 42.50000 36.22449 1.01293
328.77551 42.50000 41.22449 0.95405
328.77551 42.50000 46.22449 0.89358
328.77551 42.50000 51.22449 0.83435
328.77551 42.50000 56.22449 0.77624
328.77551 42.50000 61.22449 0.72018
328.77551 42.50000 66.22449 0.66906
328.77551 42.50000 71.22449 0.62693
336.12245 42.50000 343.87755 0.58147
336.12245 42.50000 348.87755 0.59784
336.12245 42.50000 353.87755 0.65005
336.12245 42.50000 358.87755 0.74840
336.12245 42.50000 3.87755 0.89540
336.12245 42.50000 8.87755 1.07160
336.12245 42.50000 13.87755 1.22531
336.12245 42.50000 18.87755 1.29380
336.12245 42.50000 23.87755 1.25383
336.12245 42.50000 28.87755 1.14192
336.12245 42.50000 33.87755 1.01525
336.12245 42.50000 38.87755 0.90745
336.12245 42.50000 43.87755 0.82377
336.12245 42.50000 48.87755 0.75755
336.12245 42.50000 53.87755 0.70227
336.12245 42.50000 58.87755 0.65510
336.12245 42.50000 63.87755 0.61676
343.46939 42.50000 336.53061 0.57827
343.46939 42.50000 341.53061 0.59366
343.46939 42.50000 346.53061 0.64965
343.46939 42.50000 351.53061 0.76653
343.46939 42.50000 356.53061 0.96301
343.46939 42.50000 1.53061 1.23289
343.46939 42.50000 6.53061 1.50832
343.46939 42.50000 11.53061 1.66613
343.46939 42.50000 16.53061 1.62339
343.46939 42.50000 21.53061 1.42250
343.46939 42.50000 26.53061 1.18168
343.46939 42.50000 31.53061 0.98519
343.46939 42.50000 36.53061 0.85015
343.46939 42.50000 41.53061 0.76061
343.46939 42.50000 46.53061 0.69805
343.46939 42.50000 51.53061 0.65077
343.46939 42.50000 56.53061 0.61399
350.81633 42.50000 324.18367 0.59119
350.81633 42.50000 329.18367 0.57843
350.81633 42.50000 334.18367 0.58837
350.81633 42.50000 339.18367 0.63827
350.81633 42.50000 344.18367 0.75535
350.81633 42.50000 349.18367 0.97511
350.81633 42.50000 354.18367 1.31916
350.81633 42.50000 359.18367 1.73365
350.81633 42.50000 4.18367 2.04803
350.81633 42.50000 9.18367 2.08017
350.81633 42.50000 14.18367 1.82275
350.81633 42.50000 19.18367 1.44871
350.81633 42.50000 24.18367 1.12734
350.81633 42.50000 29.18367 0.91303
350.81633 42.50000 34.18367 0.78394
350.81633 42.50000 39.18367 0.70565
350.81633 42.50000 44.18367 0.65429
350.81633 42.50000 49.18367 0.61740
358.16327 42.50000 316.83673 0.59676
358.16327 42.50000 321.83673 0.58118
358.16327 42.50000 326.83673 0.58323
358.16327 42.50000 331.83673 0.61845
358.16327 42.50000 336.83673 0.71382
358.16327 42.50000 341.83673 0.91029
358.16327 42.50000 346.83673 1.25123
358.16327 42.50000 351.83673 1.72369
358.16327 42.50000 356.83673 2.17390
358.16327 42.50000 1.83673 2.35327
358.16327 42.50000 6.83673 2.14997
358.16327 42.50000 11.83673 1.71540
358.16327 42.50000 16.83673 1.28953
358.16327 42.50000 21.83673 0.99226
358.16327 42.50000 26.83673 0.81683
358.16327 42.50000 31.83673 0.71819
358.16327 42.50000 36.83673 0.66048
358.16327 42.50000 41.83673 0.62302
5.51020 42.50000 309.48980 0.60100
5.51020 42.50000 314.48980 0.58463
5.51020 42.50000 319.48980 0.58000
5.51020 42.50000 324.48980 0.59839
5.51020 42.50000 329.48980 0.66094
5.51020 42.50000 334.48980 0.80145
5.51020 42.50000 339.48980 1.06322
5.51020 42.50000 344.48980 1.46405
5.51020 42.50000 349.48980 1.91641
5.51020 42.50000 354.48980 2.20425
5.51020 42.50000 359.48980 2.14726
5.51020 42.50000 4.48980 1.79664
5.51020 42.50000 9.48980 1.37267
5.51020 42.50000 14.48980 1.04254
5.51020 42.50000 19.48980 0.83842
5.51020 42.50000 24.48980 0.72475
5.51020 42.50000 29.48980 0.66237
5.51020 42.50000 34.48980 0.62557
12.85714 42.50000 307.14286 0.58678
12.85714 42.50000 312.14286 0.57941
12.85714 42.50000 317.14286 0.58522
12.85714 42.50000 322.14286 0.61791
12.85714 42.50000 327.14286 0.69985
12.85714 42.50000 332.14286 0.86096
12.85714 42.50000 337.14286 1.12322
12.85714 42.50000 342.14286 1.45449
12.85714 42.50000 347.14286 1.72798
12.85714 42.50000 352.14286 1.78829
12.85714 42.50000 357.14286 1.60299
12.85714 42.50000 2.14286 1.29690
12.85714 42.50000 7.14286 1.01737
12.85714 42.50000 12.14286 0.82631
12.85714 42.50000 17.14286 0.71479
12.85714 42.50000 22.14286 0.65431
12.85714 42.50000 27.14286 0.62119
20.20408 42.50000 299.79592 0.58750
20.20408 42.50000 304.79592 0.58199
20.20408 42.50000 309.79592 0.58228
20.20408 42.50000 314.79592 0.59572
20.20408 42.50000 319.79592 0.63501
20.20408 42.50000 324.79592 0.71720
20.20408 42.50000 329.79592 0.85684
20.20408 42.50000 334.79592 1.04581
20.20408 42.50000 339.79592 1.22826
20.20408 42.50000 344.79592 1.31512
20.20408 42.50000 349.79592 1.25733
20.20408 42.50000 354.79592 1.09559
20.20408 42.50000 359.79592 0.91546
20.20408 42.50000 4.79592 0.77463
20.20408 42.50000 9.79592 0.68511
20.20408 42.50000 14.79592 0.63542
20.20408 42.50000 19.79592 0.60986
27.55102 42.50000 292.44898 0.58958
27.55102 42.50000 297.44898 0.58974
27.55102 42.50000 302.44898 0.59115
27.55102 42.50000 307.44898 0.59668
27.55102 42.50000 312.44898 0.61238
27.55102 42.50000 317.44898 0.64696
27.55102 42.50000 322.44898 0.70851
27.55102 42.50000 327.44898 0.79629
27.55102 42.50000 332.44898 0.88979
27.55102 42.50000 337.44898 0.94975
27.55102 42.50000 342.44898 0.94433
27.55102 42.50000 347.44898 0.87786
27.55102 42.50000 352.44898 0.78540
27.55102 42.50000 357.44898 0.70195
27.55102 42.50000 2.44898 0.64374
27.55102 42.50000 7.44898 0.61077
27.55102 42.50000 12.44898 0.59577
34.89796 42.50000 280.10204 0.58929
34.89796 42.50000 285.10204 0.59742
34.89796 42.50000 290.10204 0.60616
34.89796 42.50000 295.10204 0.61383
34.89796 42.50000 300.10204 0.62034
34.89796 42.50000 305.10204 0.62750
34.89796 42.50000 310.10204 0.63898
34.89796 42.50000 315.10204 0.65900
34.89796 42.50000 320.10204 0.68905
34.89796 42.50000 325.10204 0.72331
34.89796 42.50000 330.10204 0.74780
34.89796 42.50000 335.10204 0.74814
34.89796 42.50000 340.10204 0.72138
34.89796 42.50000 345.10204 0.67865
34.89796 42.50000 350.10204 0.63607
34.89796 42.50000 355.10204 0.60491
34.89796 42.50000 0.10204 0.58858
34.89796 42.50000 5.10204 0.58488
42.24490 42.50000 272.75510 0.59542
42.24490 42.50000 277.75510 0.61395
42.24490 42.50000 282.75510 0.63376
42.24490 42.50000 287.75510 0.65189
42.24490 42.50000 292.75510 0.66608
42.24490 42.50000 297.75510 0.67527
42.24490 42.50000 302.75510 0.67982
42.24490 42.50000 307.75510 0.68128
42.24490 42.50000 312.75510 0.68139
42.24490 42.50000 317.75510 0.68037
42.24490 42.50000 322.75510 0.67575
42.24490 42.50000 327.75510 0.66383
42.24490 42.50000 332.75510 0.64349
42.24490 42.50000 337.75510 0.61840
42.24490 42.50000 342.75510 0.59524
42.24490 42.50000 347.75510 0.58000
42.24490 42.50000 352.75510 0.57555
42.24490 42.50000 357.75510 0.58152
49.59184 42.50000 265.40816 0.60858
49.59184 42.50000 270.40816 0.63806
49.59184 42.50000 275.40816 0.67107
49.59184 42.50000 280.40816 0.70348
49.59184 42.50000 285.40816 0.73130
49.59184 42.50000 290.40816 0.75123
49.59184 42.50000 295.40816 0.76079
49.59184 42.50000 300.40816 0.75840
49.59184 42.50000 305.40816 0.74430
49.59184 42.50000 310.40816 0.72121
49.59184 42.50000 315.40816 0.69297
49.59184 42.50000 320.40816 0.66261
49.59184 42.50000 325.40816 0.63241
49.59184 42.50000 330.40816 0.60517
49.59184 42.50000 335.40816 0.58442
49.59184 42.50000 340.40816 0.57343
49.59184 42.50000 345.40816 0.57404
49.59184 42.50000 350.40816 0.58630
56.93878 42.50000 258.06122 0.62480
56.93878 42.50000 263.06122 0.66429
56.93878 42.50000 268.06122 0.71136
56.93878 42.50000 273.06122 0.76108
56.93878 42.50000 278.06122 0.80848
56.93878 42.50000 283.06122 0.84912
56.93878 42.50000 288.06122 0.87760
56.93878 42.50000 293.06122 0.88619
56.93878 42.50000 298.06122 0.86892
56.93878 42.50000 303.06122 0.82858
56.93878 42.50000 308.06122 0.77605
56.93878 42.50000 313.06122 0.72211
56.93878 42.50000 318.06122 0.67288
56.93878 42.50000 323.06122 0.63170
56.93878 42.50000 328.06122 0.60147
56.93878 42.50000 333.06122 0.58475
56.93878 42.50000 338.06122 0.58313
56.93878 42.50000 343.06122 0.59688
64.28571 42.50000 255.71429 0.68517
64.28571 42.50000 260.71429 0.74450
64.28571 42.50000 265.71429 0.81211
64.28571 42.50000 270.71429 0.88382
64.28571 42.50000 275.71429 0.95734
64.28571 42.50000 280.71429 1.02657
64.28571 42.50000 285.71429 1.07227
64.28571 42.50000 290.71429 1.06900
64.28571 42.50000 295.71429 1.01132
64.28571 42.50000 300.71429 0.92279
64.28571 42.50000 305.71429 0.83247
64.28571 42.50000 310.71429 0.75436
64.28571 42.50000 315.71429 0.69087
64.28571 42.50000 320.71429 0.64283
64.28571 42.50000 325.71429 0.61230
64.28571 42.50000 330.71429 0.60123
64.28571 42.50000 335.71429 0.61041
71.63265 42.50000 248.36735 0.69485
71.63265 42.50000 253.36735 0.76101
71.63265 42.50000 258.36735 0.84261
71.63265 42.50000 263.36735 0.93807
71.63265 42.50000 268.36735 1.05254
71.63265 42.50000 273.36735 1.18779
71.63265 42.50000 278.36735 1.31357
71.63265 42.50000 283.36735 1.36414
71.63265 42.50000 288.36735 1.29872
71.63265 42.50000 293.36735 1.15274
71.63265 42.50000 298.36735 0.99723
71.63265 42.50000 303.36735 0.87137
71.63265 42.50000 308.36735 0.77630
71.63265 42.50000 313.36735 0.70457
71.63265 42.50000 318.36735 0.65438
71.63265 42.50000 323.36735 0.62751
71.63265 42.50000 328.36735 0.62552
78.97959 42.50000 236.02041 0.65284
78.97959 42.50000 241.02041 0.69175
78.97959 42.50000 246.02041 0.75640
78.97959 42.50000 251.02041 0.84321
78.97959 42.50000 256.02041 0.95278
78.97959 42.50000 261.02041 1.09887
78.97959 42.50000 266.02041 1.30156
78.97959 42.50000 271.02041 1.53802
78.97959 42.50000 276.02041 1.70092
78.97959 42.50000 281.02041 1.67526
78.97959 42.50000 286.02041 1.47372
78.97959 42.50000 291.02041 1.22242
78.97959 42.50000 296.02041 1.02004
78.97959 42.50000 301.02041 0.87992
78.97959 42.50000 306.02041 0.78015
78.97959 42.50000 311.02041 0.70757
78.97959 42.50000 316.02041 0.66095
78.97959 42.50000 321.02041 0.64234
86.32653 42.50000 228.67347 0.65409
86.32653 42.50000 233.67347 0.67871
86.32653 42.50000 238.67347 0.73302
86.32653 42.50000 243.67347 0.81412
86.32653 42.50000 248.67347 0.92228
86.32653 42.50000 253.67347 1.07257
86.32653 42.50000 258.67347 1.29897
86.32653 42.50000 263.67347 1.60758
86.32653 42.50000 268.67347 1.89383
86.32653 42.50000 273.67347 1.97603
86.32653 42.50000 278.67347 1.78898
86.32653 42.50000 283.67347 1.46750
86.32653 42.50000 288.67347 1.18182
86.32653 42.50000 293.67347 0.98772
86.32653 42.50000 298.67347 0.85829
86.32653 42.50000 303.67347 0.76461
86.32653 42.50000 308.67347 0.69831
86.32653 42.50000 313.67347 0.66077
103.58491 47.50000 221.41509 0.67996
103.58491 47.50000 226.41509 0.72436
103.58491 47.50000 231.41509 0.79948
103.58491 47.50000 236.41509 0.90275
103.58491 47.50000 241.41509 1.03712
110.37736 47.50000 214.62264 0.64287
110.37736 47.50000 219.62264 0.66423
110.37736 47.50000 224.62264 0.71290
110.37736 47.50000 229.62264 0.78590
110.37736 47.50000 234.62264 0.88027
110.37736 47.50000 239.62264 0.99524
110.37736 47.50000 244.62264 1.12815
110.37736 47.50000 249.62264 1.25832
117.16981 47.50000 207.83019 0.61480
117.16981 47.50000 212.83019 0.61895
117.16981 47.50000 217.83019 0.64544
117.16981 47.50000 222.83019 0.69231
117.16981 47.50000 227.83019 0.75627
117.16981 47.50000 232.83019 0.83327
117.16981 47.50000 237.83019 0.91825
117.16981 47.50000 242.83019 1.00157
117.16981 47.50000 247.83019 1.06557
117.16981 47.50000 252.83019 1.09132
123.96226 47.50000 201.03774 0.59549
123.96226 47.50000 206.03774 0.58993
123.96226 47.50000 211.03774 0.60121
123.96226 47.50000 216.03774 0.62814
123.96226 47.50000 221.03774 0.66832
123.96226 47.50000 226.03774 0.71837
123.96226 47.50000 231.03774 0.77397
123.96226 47.50000 236.03774 0.82930
123.96226 47.50000 241.03774 0.87621
123.96226 47.50000 246.03774 0.90566
123.96226 47.50000 251.03774 0.91190
123.96226 47.50000 256.03774 0.89517
130.75472 47.50000 194.24528 0.58548
130.75472 47.50000 199.24528 0.57761
130.75472 47.50000 204.24528 0.58191
130.75472 47.50000 209.24528 0.59710
130.75472 47.50000 214.24528 0.62078
130.75472 47.50000 219.24528 0.65026
130.75472 47.50000 224.24528 0.68307
130.75472 47.50000 229.24528 0.71665
130.75472 47.50000 234.24528 0.74757
130.75472 47.50000 239.24528 0.77142
130.75472 47.50000 244.24528 0.78401
130.75472 47.50000 249.24528 0.78292
130.75472 47.50000 254.24528 0.76815
130.75472 47.50000 259.24528 0.74181
137.54717 47.50000 192.45283 0.58366
137.54717 47.50000 197.45283 0.59002
137.54717 47.50000 202.45283 0.60382
137.54717 47.50000 207.45283 0.62066
137.54717 47.50000 212.45283 0.63637
137.54717 47.50000 217.45283 0.64934
137.54717 47.50000 222.45283 0.66064
137.54717 47.50000 227.45283 0.67193
137.54717 47.50000 232.45283 0.68321
137.54717 47.50000 237.45283 0.69234
137.54717 47.50000 242.45283 0.69640
137.54717 47.50000 247.45283 0.69319
137.54717 47.50000 252.45283 0.68212
137.54717 47.50000 257.45283 0.66433
144.33962 47.50000 195.66038 0.65509
144.33962 47.50000 200.66038 0.67989
144.33962 47.50000 205.66038 0.69264
144.33962 47.50000 210.66038 0.68881
144.33962 47.50000 215.66038 0.67321
144.33962 47.50000 220.66038 0.65567
144.33962 47.50000 225.66038 0.64382
144.33962 47.50000 230.66038 0.63949
144.33962 47.50000 235.66038 0.64005
144.33962 47.50000 240.66038 0.64134
144.33962 47.50000 245.66038 0.64009
144.33962 47.50000 250.66038 0.63480
151.13208 47.50000 193.86792 0.81277
151.13208 47.50000 198.86792 0.84454
151.13208 47.50000 203.86792 0.83231
151.13208 47.50000 208.86792 0.78182
151.13208 47.50000 213.86792 0.71756
151.13208 47.50000 218.86792 0.66323
151.13208 47.50000 223.86792 0.62940
151.13208 47.50000 228.86792 0.61476
151.13208 47.50000 233.86792 0.61257
151.13208 47.50000 238.86792 0.61577
151.13208 47.50000 243.86792 0.61943
157.92453 47.50000 202.07547 1.03147
157.92453 47.50000 207.07547 0.89175
157.92453 47.50000 212.07547 0.76104
157.92453 47.50000 217.07547 0.67036
157.92453 47.50000 222.07547 0.62182
157.92453 47.50000 227.07547 0.60432
157.92453 47.50000 232.07547 0.60486
157.92453 47.50000 237.07547 0.61335
164.71698 47.50000 210.28302 0.77496
164.71698 47.50000 215.28302 0.66504
164.71698 47.50000 220.28302 0.61527
164.71698 47.50000 225.28302 0.60295
164.71698 47.50000 230.28302 0.61033
171.50943 47.50000 228.49057 0.62266
191.88679 47.50000 133.11321 0.66994
191.88679 47.50000 138.11321 0.71839
191.88679 47.50000 143.11321 0.78491
198.67925 47.50000 126.32075 0.64992
198.67925 47.50000 131.32075 0.69328
198.67925 47.50000 136.32075 0.74633
198.67925 47.50000 141.32075 0.81628
198.67925 47.50000 146.32075 0.91518
198.67925 47.50000 151.32075 1.05432
198.67925 47.50000 156.32075 1.22722
205.47170 47.50000 119.52830 0.63987
205.47170 47.50000 124.52830 0.68086
205.47170 47.50000 129.52830 0.72698
205.47170 47.50000 134.52830 0.77904
205.47170 47.50000 139.52830 0.84063
205.47170 47.50000 144.52830 0.91575
205.47170 47.50000 149.52830 1.00212
205.47170 47.50000 154.52830 1.08157
205.47170 47.50000 159.52830 1.11909
205.47170 47.50000 164.52830 1.08426
212.26415 47.50000 112.73585 0.64193
212.26415 47.50000 117.73585 0.68379
212.26415 47.50000 122.73585 0.72887
212.26415 47.50000 127.73585 0.77417
212.26415 47.50000 132.73585 0.81822
212.26415 47.50000 137.73585 0.86070
212.26415 47.50000 142.73585 0.90008
212.26415 47.50000 147.73585 0.92996
212.26415 47.50000 152.73585 0.93793
212.26415 47.50000 157.73585 0.91174
212.26415 47.50000 162.73585 0.85049
212.26415 47.50000 167.73585 0.76879
219.05660 47.50000 105.94340 0.65434
219.05660 47.50000 110.94340 0.70023
219.05660 47.50000 115.94340 0.74902
219.05660 47.50000 120.94340 0.79545
219.05660 47.50000 125.94340 0.83494
219.05660 47.50000 130.94340 0.86423
219.05660 47.50000 135.94340 0.88128
219.05660 47.50000 140.94340 0.88410
219.05660 47.50000 145.94340 0.86995
219.05660 47.50000 150.94340 0.83662
219.05660 47.50000 155.94340 0.78576
219.05660 47.50000 160.94340 0.72497
219.05660 47.50000 165.94340 0.66565
225.84906 47.50000 99.15094 0.67317
225.84906 47.50000 104.15094 0.72559
225.84906 47.50000 109.15094 0.78169
225.84906 47.50000 114.15094 0.83470
225.84906 47.50000 119.15094 0.87781
225.84906 47.50000 124.15094 0.90542
225.84906 47.50000 129.15094 0.91426
225.84906 47.50000 134.15094 0.90360
225.84906 47.50000 139.15094 0.87475
225.84906 47.50000 144.15094 0.83061
225.84906 47.50000 149.15094 0.77595
225.84906 47.50000 154.15094 0.71763
225.84906 47.50000 159.15094 0.66366
225.84906 47.50000 164.15094 0.62136
225.84906 47.50000 169.15094 0.59576
232.64151 47.50000 102.35849 0.82057
232.64151 47.50000 107.35849 0.88446
232.64151 47.50000 112.35849 0.93722
232.64151 47.50000 117.35849 0.97040
232.64151 47.50000 122.35849 0.97870
232.64151 47.50000 127.35849 0.96164
232.64151 47.50000 132.35849 0.92278
232.64151 47.50000 137.35849 0.86792
232.64151 47.50000 142.35849 0.80410
232.64151 47.50000 147.35849 0.73912
232.64151 47.50000 152.35849 0.68072
232.64151 47.50000 157.35849 0.63545
232.64151 47.50000 162.35849 0.60786
239.43396 47.50000 105.56604 1.01125
239.43396 47.50000 110.56604 1.05798
239.43396 47.50000 115.56604 1.06998
239.43396 47.50000 120.56604 1.04693
239.43396 47.50000 125.56604 0.99712
239.43396 47.50000 130.56604 0.93038
239.43396 47.50000 135.56604 0.85518
239.43396 47.50000 140.56604 0.77965
239.43396 47.50000 145.56604 0.71183
239.43396 47.50000 150.56604 0.65865
239.43396 47.50000 155.56604 0.62500
246.22642 47.50000 108.77358 1.21048
246.22642 47.50000 113.77358 1.17435
246.22642 47.50000 118.77358 1.09960
246.22642 47.50000 123.77358 1.01049
246.22642 47.50000 128.77358 0.91910
246.22642 47.50000 133.77358 0.83081
246.22642 47.50000 138.77358 0.75154
246.22642 47.50000 143.77358 0.68803
246.22642 47.50000 148.77358 0.64576
253.01887 47.50000 116.98113 1.11823
253.01887 47.50000 121.98113 0.99338
253.01887 47.50000 126.98113 0.88675
253.01887 47.50000 131.98113 0.79487
253.01887 47.50000 136.98113 0.72040
253.01887 47.50000 141.98113 0.66843
259.81132 47.50000 130.18868 0.75236
259.81132 47.50000 135.18868 0.69081
280.18868 47.50000 44.81132 0.69081
280.18868 47.50000 49.81132 0.75236
286.98113 47.50000 38.01887 0.66843
286.98113 47.50000 43.01887 0.72040
286.98113 47.50000 48.01887 0.79487
286.98113 47.50000 53.01887 0.88675
286.98113 47.50000 58.01887 0.99338
286.98113 47.50000 63.01887 1.11823
293.77358 47.50000 31.22642 0.64576
293.77358 47.50000 36.22642 0.68803
293.77358 47.50000 41.22642 0.75154
293.77358 47.50000 46.22642 0.83081
293.77358 47.50000 51.22642 0.91910
293.77358 47.50000 56.22642 1.01049
293.77358 47.50000 61.22642 1.09960
293.77358 47.50000 66.22642 1.17435
293.77358 47.50000 71.22642 1.21048
300.56604 47.50000 24.43396 0.62500
300.56604 47.50000 29.43396 0.65865
300.56604 47.50000 34.43396 0.71183
300.56604 47.50000 39.43396 0.77965
300.56604 47.50000 44.43396 0.85518
300.56604 47.50000 49.43396 0.93038
300.56604 47.50000 54.43396 0.99712
300.56604 47.50000 59.43396 1.04693
300.56604 47.50000 64.43396 1.06998
300.56604 47.50000 69.43396 1.05798
300.56604 47.50000 74.43396 1.01125
307.35849 47.50000 17.64151 0.60786
307.35849 47.50000 22.64151 0.63545
307.35849 47.50000 27.64151 0.68072
307.35849 47.50000 32.64151 0.73912
307.35849 47.50000 37.64151 0.80410
307.35849 47.50000 42.64151 0.86792
307.35849 47.50000 47.64151 0.92278
307.35849 47.50000 52.64151 0.96164
307.35849 47.50000 57.64151 0.97870
307.35849 47.50000 62.64151 0.97040
307.35849 47.50000 67.64151 0.93722
307.35849 47.50000 72.64151 0.88446
307.35849 47.50000 77.64151 0.82057
314.15094 47.50000 10.84906 0.59576
314.15094 47.50000 15.84906 0.62136
314.15094 47.50000 20.84906 0.66366
314.15094 47.50000 25.84906 0.71763
314.15094 47.50000 30.84906 0.77595
314.15094 47.50000 35.84906 0.83061
314.15094 47.50000 40.84906 0.87475
314.15094 47.50000 45.84906 0.90360
314.15094 47.50000 50.84906 0.91426
314.15094 47.50000 55.84906 0.90542
314.15094 47.50000 60.84906 0.87781
314.15094 47.50000 65.84906 0.83470
314.15094 47.50000 70.84906 0.78169
314.15094 47.50000 75.84906 0.72559
314.15094 47.50000 80.84906 0.67317
320.94340 47.50000 14.05660 0.66565
320.94340 47.50000 19.05660 0.72497
320.94340 47.50000 24.05660 0.78576
320.94340 47.50000 29.05660 0.83662
320.94340 47.50000 34.05660 0.86995
320.94340 47.50000 39.05660 0.88410
320.94340 47.50000 44.05660 0.88128
320.94340 47.50000 49.05660 0.86423
320.94340 47.50000 54.05660 0.83494
320.94340 47.50000 59.05660 0.79545
320.94340 47.50000 64.05660 0.74902
320.94340 47.50000 69.05660 0.70023
320.94340 47.50000 74.05660 0.65434
327.73585 47.50000 12.26415 0.76879
327.73585 47.50000 17.26415 0.85049
327.73585 47.50000 22.26415 0.91174
327.73585 47.50000 27.26415 0.93793
327.73585 47.50000 32.26415 0.92996
327.73585 47.50000 37.26415 0.90008
327.73585 47.50000 42.26415 0.86070
327.73585 47.50000 47.26415 0.81822
327.73585 47.50000 52.26415 0.77417
327.73585 47.50000 57.26415 0.72887
327.73585 47.50000 62.26415 0.68379
327.73585 47.50000 67.26415 0.64193
334.52830 47.50000 15.47170 1.08426
334.52830 47.50000 20.47170 1.11909
334.52830 47.50000 25.47170 1.08157
334.52830 47.50000 30.47170 1.00212
334.52830 47.50000 35.47170 0.91575
334.52830 47.50000 40.47170 0.84063
334.52830 47.50000 45.47170 0.77904
334.52830 47.50000 50.47170 0.72698
334.52830 47.50000 55.47170 0.68086
334.52830 47.50000 60.47170 0.63987
341.32075 47.50000 23.67925 1.22722
341.32075 47.50000 28.67925 1.05432
341.32075 47.50000 33.67925 0.91518
341.32075 47.50000 38.67925 0.81628
341.32075 47.50000 43.67925 0.74633
341.32075 47.50000 48.67925 0.69328
341.32075 47.50000 53.67925 0.64992
348.11321 47.50000 36.88679 0.78491
348.11321 47.50000 41.88679 0.71839
348.11321 47.50000 46.88679 0.66994
8.49057 47.50000 311.50943 0.62266
15.28302 47.50000 309.71698 0.61033
15.28302 47.50000 314.71698 0.60295
15.28302 47.50000 319.71698 0.61527
15.28302 47.50000 324.71698 0.66504
15.28302 47.50000 329.71698 0.77496
22.07547 47.50000 302.92453 0.61335
22.07547 47.50000 307.92453 0.60486
22.07547 47.50000 312.92453 0.60432
22.07547 47.50000 317.92453 0.62182
22.07547 47.50000 322.92453 0.67036
22.07547 47.50000 327.92453 0.76104
22.07547 47.50000 332.92453 0.89175
22.07547 47.50000 337.92453 1.03147
28.86792 47.50000 296.13208 0.61943
28.86792 47.50000 301.13208 0.61577
28.86792 47.50000 306.13208 0.61257
28.86792 47.50000 311.13208 0.61476
28.86792 47.50000 316.13208 0.62940
28.86792 47.50000 321.13208 0.66323
28.86792 47.50000 326.13208 0.71756
28.86792 47.50000 331.13208 0.78182
28.86792 47.50000 336.13208 0.83231
28.86792 47.50000 341.13208 0.84454
28.86792 47.50000 346.13208 0.81277
35.66038 47.50000 289.33962 0.63480
35.66038 47.50000 294.33962 0.64009
35.66038 47.50000 299.33962 0.64134
35.66038 47.50000 304.33962 0.64005
35.66038 47.50000 309.33962 0.63949
35.66038 47.50000 314.33962 0.64382
35.66038 47.50000 319.33962 0.65567
35.66038 47.50000 324.33962 0.67321
35.66038 47.50000 329.33962 0.68881
35.66038 47.50000 334.33962 0.69264
35.66038 47.50000 339.33962 0.67989
35.66038 47.50000 344.33962 0.65509
42.45283 47.50000 282.54717 0.66433
42.45283 47.50000 287.54717 0.68212
42.45283 47.50000 292.54717 0.69319
42.45283 47.50000 297.54717 0.69640
42.45283 47.50000 302.54717 0.69234
42.45283 47.50000 307.54717 0.68321
42.45283 47.50000 312.54717 0.67193
42.45283 47.50000 317.54717 0.66064
42.45283 47.50000 322.54717 0.64934
42.45283 47.50000 327.54717 0.63637
42.45283 47.50000 332.54717 0.62066
42.45283 47.50000 337.54717 0.60382
42.45283 47.50000 342.54717 0.59002
42.45283 47.50000 347.54717 0.58366
49.24528 47.50000 280.75472 0.74181
49.24528 47.50000 285.75472 0.76815
49.24528 47.50000 290.75472 0.78292
49.24528 47.50000 295.75472 0.78401
49.24528 47.50000 300.75472 0.77142
49.24528 47.50000 305.75472 0.74757
49.24528 47.50000 310.75472 0.71665
49.24528 47.50000 315.75472 0.68307
49.24528 47.50000 320.75472 0.65026
49.24528 47.50000 325.75472 0.62078
49.24528 47.50000 330.75472 0.59710
49.24528 47.50000 335.75472 0.58191
49.24528 47.50000 340.75472 0.57761
49.24528 47.50000 345.75472 0.58548
56.03774 47.50000 283.96226 0.89517
56.03774 47.50000 288.96226 0.91190
56.03774 47.50000 293.96226 0.90566
56.03774 47.50000 298.96226 0.87621
56.03774 47.50000 303.96226 0.82930
56.03774 47.50000 308.96226 0.77397
56.03774 47.50000 313.96226 0.71837
56.03774 47.50000 318.96226 0.66832
56.03774 47.50000 323.96226 0.62814
56.03774 47.50000 328.96226 0.60121
56.03774 47.50000 333.96226 0.58993
56.03774 47.50000 338.96226 0.59549
62.83019 47.50000 287.16981 1.09132
62.83019 47.50000 292.16981 1.06557
62.83019 47.50000 297.16981 1.00157
62.83019 47.50000 302.16981 0.91825
62.83019 47.50000 307.16981 0.83327
62.83019 47.50000 312.16981 0.75627
62.83019 47.50000 317.16981 0.69231
62.83019 47.50000 322.16981 0.64544
62.83019 47.50000 327.16981 0.61895
62.83019 47.50000 332.16981 0.61480
69.62264 47.50000 290.37736 1.25832
69.62264 47.50000 295.37736 1.12815
69.62264 47.50000 300.37736 0.99524
69.62264 47.50000 305.37736 0.88027
69.62264 47.50000 310.37736 0.78590
69.62264 47.50000 315.37736 0.71290
69.62264 47.50000 320.37736 0.66423
69.62264 47.50000 325.37736 0.64287
76.41509 47.50000 298.58491 1.03712
76.41509 47.50000 303.58491 0.90275
76.41509 47.50000 308.58491 0.79948
76.41509 47.50000 313.58491 0.72436
76.41509 47.50000 318.58491 0.67996
112.10526 52.50000 217.89474 0.66923
118.42105 52.50000 211.57895 0.62348
118.42105 52.50000 216.57895 0.64359
118.42105 52.50000 221.57895 0.68640
118.42105 52.50000 226.57895 0.74864
118.42105 52.50000 231.57895 0.82526
124.73684 52.50000 205.26316 0.59473
124.73684 52.50000 210.26316 0.59945
124.73684 52.50000 215.26316 0.62147
124.73684 52.50000 220.26316 0.65893
124.73684 52.50000 225.26316 0.70867
124.73684 52.50000 230.26316 0.76615
124.73684 52.50000 235.26316 0.82525
131.05263 52.50000 203.94737 0.57934
131.05263 52.50000 208.94737 0.58845
131.05263 52.50000 213.94737 0.60809
131.05263 52.50000 218.94737 0.63641
131.05263 52.50000 223.94737 0.67119
131.05263 52.50000 228.94737 0.70950
131.05263 52.50000 233.94737 0.74721
131.05263 52.50000 238.94737 0.77924
137.36842 52.50000 207.63158 0.59857
137.36842 52.50000 212.63158 0.61123
137.36842 52.50000 217.63158 0.62628
137.36842 52.50000 222.63158 0.64407
137.36842 52.50000 227.63158 0.66445
137.36842 52.50000 232.63158 0.68554
137.36842 52.50000 237.63158 0.70396
137.36842 52.50000 242.63158 0.71598
143.68421 52.50000 211.31579 0.63887
143.68421 52.50000 216.31579 0.63370
143.68421 52.50000 221.31579 0.63164
143.68421 52.50000 226.31579 0.63578
143.68421 52.50000 231.31579 0.64535
143.68421 52.50000 236.31579 0.65686
143.68421 52.50000 241.31579 0.66618
143.68421 52.50000 246.31579 0.67020
150.00000 52.50000 220.00000 0.63230
150.00000 52.50000 225.00000 0.62316
150.00000 52.50000 230.00000 0.62683
150.00000 52.50000 235.00000 0.63743
150.00000 52.50000 240.00000 0.64912
156.31579 52.50000 228.68421 0.62623
156.31579 52.50000 233.68421 0.64084
206.84211 52.50000 123.15789 0.66446
206.84211 52.50000 128.15789 0.70482
206.84211 52.50000 133.15789 0.74734
206.84211 52.50000 138.15789 0.79275
213.15789 52.50000 116.84211 0.65199
213.15789 52.50000 121.84211 0.68885
213.15789 52.50000 126.84211 0.72516
213.15789 52.50000 131.84211 0.75880
213.15789 52.50000 136.84211 0.78874
213.15789 52.50000 141.84211 0.81391
213.15789 52.50000 146.84211 0.83112
219.47368 52.50000 115.52632 0.69278
219.47368 52.50000 120.52632 0.72794
219.47368 52.50000 125.52632 0.75738
219.47368 52.50000 130.52632 0.77843
219.47368 52.50000 135.52632 0.78958
219.47368 52.50000 140.52632 0.78992
219.47368 52.50000 145.52632 0.77840
219.47368 52.50000 150.52632 0.75418
225.78947 52.50000 114.21053 0.74953
225.78947 52.50000 119.21053 0.78004
225.78947 52.50000 124.21053 0.79901
225.78947 52.50000 129.21053 0.80426
225.78947 52.50000 134.21053 0.79552
225.78947 52.50000 139.21053 0.77405
225.78947 52.50000 144.21053 0.74223
225.78947 52.50000 149.21053 0.70349
225.78947 52.50000 154.21053 0.66235
232.10526 52.50000 122.89474 0.84433
232.10526 52.50000 127.89474 0.83090
232.10526 52.50000 132.89474 0.80243
232.10526 52.50000 137.89474 0.76300
232.10526 52.50000 142.89474 0.71768
232.10526 52.50000 147.89474 0.67202
232.10526 52.50000 152.89474 0.63132
232.10526 52.50000 157.89474 0.60008
238.42105 52.50000 126.57895 0.85126
238.42105 52.50000 131.57895 0.80417
238.42105 52.50000 136.57895 0.75092
238.42105 52.50000 141.57895 0.69774
238.42105 52.50000 146.57895 0.65054
238.42105 52.50000 151.57895 0.61418
244.73684 52.50000 135.26316 0.73379
244.73684 52.50000 140.26316 0.67837
244.73684 52.50000 145.26316 0.63468
295.26316 52.50000 34.73684 0.63468
295.26316 52.50000 39.73684 0.67837
295.26316 52.50000 44.73684 0.73379
301.57895 52.50000 28.42105 0.61418
301.57895 52.50000 33.42105 0.65054
301.57895 52.50000 38.42105 0.69774
301.57895 52.50000 43.42105 0.75092
301.57895 52.50000 48.42105 0.80417
301.57895 52.50000 53.42105 0.85126
307.89474 52.50000 22.10526 0.60008
307.89474 52.50000 27.10526 0.63132
307.89474 52.50000 32.10526 0.67202
307.89474 52.50000 37.10526 0.71768
307.89474 52.50000 42.10526 0.76300
307.89474 52.50000 47.10526 0.80243
307.89474 52.50000 52.10526 0.83090
307.89474 52.50000 57.10526 0.84433
314.21053 52.50000 25.78947 0.66235
314.21053 52.50000 30.78947 0.70349
314.21053 52.50000 35.78947 0.74223
314.21053 52.50000 40.78947 0.77405
314.21053 52.50000 45.78947 0.79552
314.21053 52.50000 50.78947 0.80426
314.21053 52.50000 55.78947 0.79901
314.21053 52.50000 60.78947 0.78004
314.21053 52.50000 65.78947 0.74953
320.52632 52.50000 29.47368 0.75418
320.52632 52.50000 34.47368 0.77840
320.52632 52.50000 39.47368 0.78992
320.52632 52.50000 44.47368 0.78958
320.52632 52.50000 49.47368 0.77843
320.52632 52.50000 54.47368 0.75738
320.52632 52.50000 59.47368 0.72794
320.52632 52.50000 64.47368 0.69278
326.84211 52.50000 33.15789 0.83112
326.84211 52.50000 38.15789 0.81391
326.84211 52.50000 43.15789 0.78874
326.84211 52.50000 48.15789 0.75880
326.84211 52.50000 53.15789 0.72516
326.84211 52.50000 58.15789 0.68885
326.84211 52.50000 63.15789 0.65199
333.15789 52.50000 41.84211 0.79275
333.15789 52.50000 46.84211 0.74734
333.15789 52.50000 51.84211 0.70482
333.15789 52.50000 56.84211 0.66446
23.68421 52.50000 306.31579 0.64084
23.68421 52.50000 311.31579 0.62623
30.00000 52.50000 300.00000 0.64912
30.00000 52.50000 305.00000 0.63743
30.00000 52.50000 310.00000 0.62683
30.00000 52.50000 315.00000 0.62316
30.00000 52.50000 320.00000 0.63230
36.31579 52.50000 293.68421 0.67020
36.31579 52.50000 298.68421 0.66618
36.31579 52.50000 303.68421 0.65686
36.31579 52.50000 308.68421 0.64535
36.31579 52.50000 313.68421 0.63578
36.31579 52.50000 318.68421 0.63164
36.31579 52.50000 323.68421 0.63370
36.31579 52.50000 328.68421 0.63887
42.63158 52.50000 297.36842 0.71598
42.63158 52.50000 302.36842 0.70396
42.63158 52.50000 307.36842 0.68554
42.63158 52.50000 312.36842 0.66445
42.63158 52.50000 317.36842 0.64407
42.63158 52.50000 322.36842 0.62628
42.63158 52.50000 327.36842 0.61123
42.63158 52.50000 332.36842 0.59857
48.94737 52.50000 301.05263 0.77924
48.94737 52.50000 306.05263 0.74721
48.94737 52.50000 311.05263 0.70950
48.94737 52.50000 316.05263 0.67119
48.94737 52.50000 321.05263 0.63641
48.94737 52.50000 326.05263 0.60809
48.94737 52.50000 331.05263 0.58845
48.94737 52.50000 336.05263 0.57934
55.26316 52.50000 304.73684 0.82525
55.26316 52.50000 309.73684 0.76615
55.26316 52.50000 314.73684 0.70867
55.26316 52.50000 319.73684 0.65893
55.26316 52.50000 324.73684 0.62147
55.26316 52.50000 329.73684 0.59945
55.26316 52.50000 334.73684 0.59473
61.57895 52.50000 308.42105 0.82526
61.57895 52.50000 313.42105 0.74864
61.57895 52.50000 318.42105 0.68640
61.57895 52.50000 323.42105 0.64359
61.57895 52.50000 328.42105 0.62348
67.89474 52.50000 322.10526 0.66923
125.40984 57.50000 214.59016 0.61233
125.40984 57.50000 219.59016 0.64512
131.31148 57.50000 218.68852 0.62160
131.31148 57.50000 223.68852 0.65671
131.31148 57.50000 228.68852 0.69764
137.21311 57.50000 222.78689 0.63064
137.21311 57.50000 227.78689 0.65788
137.21311 57.50000 232.78689 0.68656
143.11475 57.50000 226.88525 0.63474
143.11475 57.50000 231.88525 0.65561
143.11475 57.50000 236.88525 0.67639
213.93443 57.50000 126.06557 0.68957
219.83607 57.50000 125.16393 0.69808
219.83607 57.50000 130.16393 0.71521
219.83607 57.50000 135.16393 0.72447
225.73770 57.50000 129.26230 0.72051
225.73770 57.50000 134.26230 0.71521
225.73770 57.50000 139.26230 0.70102
231.63934 57.50000 138.36066 0.68475
231.63934 57.50000 143.36066 0.65465
237.54098 57.50000 142.45902 0.63721
302.45902 57.50000 37.54098 0.63721
308.36066 57.50000 36.63934 0.65465
308.36066 57.50000 41.63934 0.68475
314.26230 57.50000 40.73770 0.70102
314.26230 57.50000 45.73770 0.71521
314.26230 57.50000 50.73770 0.72051
320.16393 57.50000 44.83607 0.72447
320.16393 57.50000 49.83607 0.71521
320.16393 57.50000 54.83607 0.69808
326.06557 57.50000 53.93443 0.68957
36.88525 57.50000 303.11475 0.67639
36.88525 57.50000 308.11475 0.65561
36.88525 57.50000 313.11475 0.63474
42.78689 57.50000 307.21311 0.68656
42.78689 57.50000 312.21311 0.65788
42.78689 57.50000 317.21311 0.63064
48.68852 57.50000 311.31148 0.69764
48.68852 57.50000 316.31148 0.65671
48.68852 57.50000 321.31148 0.62160
54.59016 57.50000 320.40984 0.64512
54.59016 57.50000 325.40984 0.61233
